word,frequency
the,4331
to,4138
of,3611
and,3577
her,2225
i,2066
a,1946
in,1866
was,1846
she,1710
that,1579
it,1535
not,1429
you,1356
he,1336
his,1270
be,1241
as,1181
had,1177
for,1058
with,1053
but,1002
is,860
have,842
at,786
mr,786
him,764
my,719
on,715
by,635
all,625
they,601
elizabeth,597
so,589
were,566
which,539
could,526
been,515
from,493
no,490
very,487
what,478
would,471
your,456
this,448
me,448
their,443
them,435
will,411
said,401
such,389
when,374
darcy,374
an,355
there,353
if,350
do,347
mrs,343
are,340
much,328
more,326
am,317
must,308
or,299
bennet,294
who,285
miss,283
than,282
did,272
any,269
one,267
jane,263
bingley,257
we,253
should,248
know,238
how,231
herself,227
before,227
though,226
has,221
never,220
only,216
soon,216
well,214
can,211
some,211
think,211
other,210
now,209
time,200
after,200
might,200
every,197
may,193
little,189
most,188
good,184
lady,183
own,183
sister,178
again,177
nothing,177
being,175
then,175
without,170
make,167
shall,162
wickham,162
say,160
dear,158
collins,156
family,152
see,149
man,145
first,145
into,142
too,142
great,141
two,135
out,135
however,134
lydia,132
young,130
ever,130
day,130
himself,127
made,126
us,123
give,123
about,122
up,121
hope,121
always,119
last,119
many,119
away,117
father,116
letter,115
long,114
sisters,114
cannot,112
room,112
thought,112
catherine,110
mother,110
way,108
enough,106
house,106
its,105
go,104
saw,103
replied,103
friend,103
sure,102
felt,100
manner,98
wish,97
quite,96
having,96
oh,96
indeed,95
lizzy,94
myself,94
till,93
come,93
better,92
pleasure,92
done,92
love,91
cried,91
came,90
where,89
often,89
over,89
really,88
longbourn,88
believe,87
heard,86
feelings,86
does,85
gardiner,84
subject,84
whom,84
happy,83
even,82
anything,80
take,80
whole,79
aunt,78
less,77
daughter,77
morning,77
like,77
upon,76
seen,76
yes,76
sir,76
perhaps,76
therefore,75
let,75
while,75
our,74
ladies,74
looked,74
just,73
nor,73
yet,73
down,73
place,73
netherfield,73
certainly,72
still,72
evening,72
happiness,72
next,71
both,71
tell,71
hear,71
added,71
few,71
something,71
here,69
told,69
these,69
same,69
kitty,69
opinion,68
charlotte,68
attention,68
present,68
towards,67
went,67
world,66
marriage,66
seemed,66
speak,66
home,66
found,66
lucas,65
colonel,65
answer,65
left,65
least,65
together,64
character,64
town,64
moment,64
between,63
friends,63
each,63
gone,62
off,62
because,62
leave,61
received,61
coming,61
chapter,61
brother,61
passed,61
kind,61
conversation,61
married,61
immediately,60
seeing,60
part,60
since,59
began,59
whose,59
those,59
either,59
almost,59
uncle,59
knew,58
three,58
affection,58
another,58
find,58
far,58
going,57
means,57
look,57
party,57
mind,57
known,57
daughters,57
once,57
meryton,57
life,56
possible,56
woman,56
certain,55
london,55
given,55
behaviour,55
rather,55
bingleys,54
able,54
others,54
gave,54
whether,54
side,53
pemberley,53
took,53
why,53
against,52
eyes,52
get,52
acquaintance,52
continued,51
reason,51
visit,51
walk,51
general,51
yourself,50
person,49
rosings,49
idea,49
regard,49
return,49
object,48
word,48
suppose,48
settled,48
ill,47
perfectly,47
pride,47
people,46
course,46
half,46
point,46
hardly,46
returned,45
business,45
heart,45
manners,45
scarcely,45
ought,45
girls,45
everything,45
want,44
walked,44
darcys,44
impossible,44
agreeable,44
longer,44
wife,44
carriage,44
spoke,43
turned,43
else,43
short,43
honour,42
power,42
marry,42
husband,42
through,42
expected,42
civility,42
best,41
help,41
cousin,41
thing,41
back,41
hertfordshire,41
called,41
country,40
asked,40
right,40
rest,40
dare,40
read,40
william,40
convinced,40
former,39
spirits,39
fortune,39
bennets,39
de,39
write,39
met,39
assure,39
talking,39
feel,39
pleased,39
feeling,38
sat,38
situation,38
engaged,38
poor,38
elizabeths,38
forster,38
neither,38
likely,38
near,38
talked,38
girl,38
mary,38
account,38
lydias,38
wished,38
sort,38
brought,37
believed,37
handsome,37
doubt,37
stay,37
surprise,37
occasion,37
minutes,37
glad,37
afraid,37
beyond,36
entered,36
amiable,36
everybody,36
different,36
sense,36
saying,35
years,35
bourgh,35
sometimes,35
surprised,35
care,35
gentlemen,35
making,35
expect,35
thousand,34
also,34
ball,34
satisfied,34
night,34
invitation,34
whatever,34
silence,34
within,34
sorry,34
mean,34
deal,34
answered,34
wonder,34
themselves,34
usual,34
days,34
advantage,34
wishes,34
four,33
consider,33
society,33
men,33
merely,33
speaking,33
appearance,33
under,33
dinner,33
ten,33
wickhams,32
door,32
determined,32
length,32
dance,32
ask,32
talk,32
sensible,32
particularly,32
fitzwilliam,32
news,32
head,32
name,32
afterwards,32
case,32
hurst,32
instantly,31
allow,31
gentleman,31
real,31
put,31
taken,31
officers,31
meet,31
necessary,31
appeared,31
comfort,31
fine,31
resolved,31
alone,30
set,30
five,30
air,30
appear,30
exactly,30
countenance,30
astonishment,30
understand,30
mention,30
equal,30
younger,30
arrival,30
consequence,30
ladyship,30
words,30
respect,30
looking,29
neighbourhood,29
smile,29
hours,29
opportunity,29
lost,29
matter,29
obliged,29
kindness,29
end,29
week,29
circumstances,28
assured,28
things,28
offer,28
joined,28
receive,28
meant,28
highly,28
year,28
early,28
mentioned,28
call,28
pain,28
janes,28
already,28
particular,28
table,28
beauty,27
phillips,27
information,27
imagine,27
knowing,27
truth,27
face,27
observed,27
absence,27
during,27
liked,27
credit,27
easily,27
forward,27
attachment,27
turn,27
satisfaction,27
thus,27
allowed,26
walking,26
attentions,26
ago,26
expressed,26
wholly,26
true,26
silent,26
concern,26
anxious,26
keep,26
interest,26
money,26
supposed,26
exceedingly,26
reply,26
pray,26
compliment,26
master,25
followed,25
doing,25
entirely,25
persuaded,25
delight,25
thoughts,25
among,25
hunsford,25
children,25
mothers,25
disposition,25
giving,25
greater,25
bear,25
got,25
admiration,25
second,24
derbyshire,24
send,24
gratitude,24
easy,24
hand,24
change,24
pounds,24
brighton,24
pretty,24
probably,24
temper,24
living,24
anyone,24
acquainted,24
express,24
collinss,24
match,24
wanted,24
hearing,24
relations,24
serious,24
happened,24
attended,24
fear,24
nature,23
marrying,23
desire,23
large,23
small,23
dislike,23
delighted,23
remained,23
following,23
importance,23
frequently,23
library,23
new,23
curiosity,23
yours,23
depend,23
sake,23
hopes,23
conduct,23
prevented,23
spite,23
several,23
considered,23
inquiries,23
anybody,23
question,23
degree,23
fair,22
natural,22
expression,22
company,22
pleasing,22
inclination,22
praise,22
latter,22
terms,22
voice,22
months,22
remember,22
whenever,22
directly,22
event,22
favour,22
especially,22
hour,22
park,22
meeting,22
spent,22
fixed,22
proud,22
seems,22
except,22
design,22
eliza,22
fortnight,21
understanding,21
listened,21
above,21
promised,21
trouble,21
live,21
breakfast,21
notice,21
thinking,21
journey,21
mistaken,21
attempt,21
further,21
pleasant,21
favourite,21
instead,21
madam,21
repeated,21
humour,21
intended,21
wrote,21
dancing,21
endeavour,21
engagement,20
vain,20
connection,20
sent,20
work,20
forced,20
nephew,20
receiving,20
ready,20
used,20
charming,20
equally,20
niece,20
particulars,20
eldest,20
hoped,20
unless,20
knowledge,20
proper,20
estate,20
times,20
sitting,20
acknowledged,20
greatest,20
cousins,19
address,19
summer,19
full,19
regiment,19
gardiners,19
delightful,19
affected,19
regret,19
strong,19
fathers,19
danger,19
cause,19
need,19
written,19
drew,19
anxiety,19
thank,19
paid,19
none,19
late,19
circumstance,19
common,19
resolution,19
excellent,19
join,19
comprehend,19
state,19
fancy,19
intelligence,19
choose,19
son,18
stairs,18
play,18
admire,18
concerned,18
street,18
led,18
bring,18
pause,18
avoid,18
chance,18
cold,18
scheme,18
smiled,18
felicity,18
affair,18
evident,18
effect,18
weeks,18
persuade,18
maria,18
vanity,18
capable,18
purpose,18
absolutely,18
reached,18
taking,18
laugh,18
success,18
slight,18
civil,18
expectation,18
connections,18
health,18
leaving,18
women,18
light,18
superior,18
ease,17
angry,17
open,17
charlottes,17
accept,17
indifference,17
sight,17
likewise,17
high,17
perfect,17
moments,17
kept,17
proved,17
politeness,17
addressed,17
beg,17
loss,17
motive,17
round,17
wait,17
disappointment,17
forget,17
readily,17
drawing-room,17
partner,17
saturday,17
report,17
removed,17
view,17
resentment,17
affectionate,17
parsonage,17
dearest,17
promise,17
prevent,16
ignorant,16
spoken,16
formed,16
pass,16
scene,16
letters,16
indifferent,16
nobody,16
tone,16
window,16
chose,16
blame,16
comes,16
generally,16
conviction,16
excuse,16
tried,16
step,16
confess,16
pardon,16
distance,16
seem,16
miles,16
catherines,16
companion,16
advice,16
ashamed,16
otherwise,16
composure,16
accepted,16
extraordinary,16
suddenly,16
dine,16
fond,16
became,16
distress,16
questions,16
related,16
book,16
opened,16
wrong,15
to-morrow,15
choice,15
winter,15
future,15
lively,15
prevailed,15
beautiful,15
belief,15
earnest,15
age,15
worth,15
seated,15
farther,15
brothers,15
servant,15
objection,15
justice,15
arrived,15
mine,15
bad,15
supposing,15
assurance,15
declared,15
eye,15
extremely,15
chief,15
calling,15
housekeeper,15
trust,15
tolerable,15
says,15
duty,15
period,15
disposed,15
use,15
sit,15
fortunate,15
intention,15
elegant,14
eagerly,14
disagreeable,14
prospect,14
caroline,14
creature,14
influence,14
consideration,14
lucases,14
occurred,14
greatly,14
painful,14
fact,14
principal,14
child,14
compassion,14
aware,14
reasonable,14
unable,14
evil,14
asking,14
astonished,14
gratified,14
struck,14
lived,14
servants,14
connected,14
observation,14
alarm,14
wishing,14
interesting,14
behind,14
reading,14
stood,14
misery,14
share,14
please,14
parted,14
wedding,14
twice,14
thanks,14
tolerably,14
kent,14
visitors,14
learnt,14
meaning,14
old,13
respectable,13
possibility,13
intimate,13
plan,13
eager,13
standing,13
books,13
sooner,13
etc,13
secure,13
seriously,13
consent,13
leisure,13
grateful,13
assistance,13
marked,13
anger,13
begin,13
enjoyment,13
partiality,13
comparison,13
recollected,13
clothes,13
turning,13
conceal,13
form,13
interference,13
frequent,13
considering,13
road,13
suffer,13
unhappy,13
yesterday,13
spend,13
ran,13
ideas,13
relief,13
determine,13
taste,13
worse,13
finding,13
dared,13
understood,13
youngest,13
distressed,13
deceived,13
opening,13
lord,12
bringing,12
listen,12
rich,12
congratulations,12
accomplished,12
admired,12
besides,12
stranger,12
parties,12
denny,12
relationship,12
immediate,12
approaching,12
nieces,12
garden,12
try,12
false,12
colour,12
naturally,12
lately,12
applied,12
welcome,12
perceived,12
entrance,12
happen,12
amusement,12
steady,12
actually,12
elder,12
probable,12
forgotten,12
application,12
ladyships,12
tuesday,12
recommend,12
silly,12
sentence,12
writing,12
speech,12
disappointed,12
expressions,12
returning,12
public,12
favourable,12
beginning,12
engagements,12
courage,12
danced,12
husbands,12
constant,12
single,12
georgiana,12
contempt,12
comfortable,12
request,12
add,12
enter,12
rank,12
apprehension,12
shortly,12
judge,12
picture,12
agreed,12
believing,12
uncles,12
grieved,12
hint,12
amongst,12
observing,12
occasionally,12
shire,12
looks,12
joy,12
recollection,12
music,11
disgrace,11
imprudent,11
supper,11
neglect,11
folly,11
opposite,11
wants,11
instrument,11
moreover,11
objections,11
church,11
necessity,11
confidence,11
produced,11
invited,11
generous,11
increased,11
gained,11
desirable,11
neighbours,11
mamma,11
satisfy,11
introduce,11
drove,11
caught,11
ground,11
informed,11
noble,11
dreadful,11
hurry,11
excessively,11
run,11
lose,11
education,11
visitor,11
decided,11
attached,11
bow,11
shook,11
views,11
pay,11
acquaintances,11
hard,11
compliments,11
relation,11
feared,11
smallest,11
judgement,11
private,11
chaise,11
passing,11
plain,11
rendered,11
esteem,11
delicacy,11
aloud,11
laughed,11
confusion,11
persons,11
communication,11
follow,11
tea,11
introduction,11
relate,11
due,11
boast,11
income,11
ones,11
wild,11
difficult,11
hall,11
earnestly,11
increasing,10
endeavoured,10
virtue,10
consequently,10
tears,10
observe,10
preference,10
interruption,10
learn,10
smiling,10
lane,10
partial,10
reynolds,10
heartily,10
insufficient,10
triumph,10
amazement,10
subjects,10
lambton,10
loved,10
happiest,10
flatter,10
wretched,10
unwilling,10
vexation,10
hurried,10
rational,10
inquire,10
inquiry,10
listening,10
proposal,10
heaven,10
unlucky,10
utmost,10
nay,10
smiles,10
required,10
sentiments,10
quit,10
reflection,10
impatience,10
overcome,10
debts,10
proceeded,10
shame,10
staying,10
undoubtedly,10
sincere,10
running,10
secrecy,10
important,10
difference,10
remain,10
awkward,10
contrary,10
dances,10
excited,10
pronounced,10
laughing,10
prepared,10
six,10
finished,10
escape,10
intimacy,10
coach,10
remarkably,10
quick,10
direction,10
attentive,10
violent,10
furniture,10
stand,10
chiefly,10
style,10
strange,10
hill,10
forgive,10
consolation,10
concluded,10
inclined,10
embarrassment,10
encouragement,10
goodness,10
wednesday,9
explained,9
misfortune,9
recommended,9
pity,9
exertion,9
minute,9
along,9
suspicion,9
quarter,9
entering,9
guarded,9
rejoiced,9
act,9
past,9
refuse,9
continue,9
considerable,9
fresh,9
quitted,9
become,9
placed,9
monday,9
haste,9
contents,9
grave,9
humble,9
bore,9
honoured,9
reception,9
hastily,9
seldom,9
suspected,9
valuable,9
improvement,9
assembly,9
moved,9
thither,9
offended,9
occasions,9
probability,9
gracechurch,9
close,9
likes,9
lips,9
fears,9
attending,9
mistress,9
threw,9
parish,9
proposals,9
sunday,9
offered,9
fall,9
youth,9
reflections,9
itself,9
remembered,9
directed,9
possession,9
lines,9
eight,9
value,9
material,9
admitted,9
authority,9
introduced,9
whisper,9
hate,9
patience,9
elegance,9
elopement,9
to-day,9
longed,9
gives,9
spirit,9
deserve,9
knows,9
friendship,9
story,9
uncommonly,9
various,9
imprudence,9
repeatedly,9
waiting,9
interrupted,9
highest,9
console,9
recollections,8
hers,8
idle,8
exclaimed,8
entail,8
doors,8
altogether,8
solicitude,8
opinions,8
possibly,8
protested,8
wherever,8
note,8
remarks,8
complete,8
begged,8
inquired,8
warmly,8
death,8
parents,8
couple,8
formal,8
governess,8
line,8
balls,8
chosen,8
behaved,8
neighbour,8
lest,8
rooms,8
clergyman,8
chooses,8
gentlemans,8
safe,8
drawn,8
warmth,8
gracious,8
mistake,8
dined,8
bestowed,8
discover,8
usually,8
sincerely,8
tÃªte,8
prove,8
sacrifice,8
acknowledge,8
thankful,8
advantages,8
severe,8
heightened,8
uneasy,8
throw,8
low,8
doubted,8
month,8
impertinence,8
unpleasant,8
unexpected,8
scotland,8
clear,8
remaining,8
nonsense,8
properly,8
ordered,8
arrangement,8
assurances,8
tall,8
employed,8
commendation,8
spared,8
addition,8
indignation,8
noticed,8
force,8
taught,8
features,8
gentlemanlike,8
somewhat,8
seek,8
changed,8
apology,8
suffered,8
persuasion,8
nearly,8
fast,8
shocked,8
according,8
sound,8
sudden,8
totally,8
expressing,8
quietly,8
ladys,8
difficulty,8
indebted,8
declare,8
fun,8
openly,8
matters,8
follows,8
foolish,8
ourselves,8
explanation,8
concerns,8
certainty,8
female,8
enjoy,8
property,8
laid,8
lodge,8
vexed,8
incapable,8
officer,8
deny,8
charge,8
memory,8
figure,8
propriety,8
george,8
encouraged,8
quiet,8
insist,8
dining-room,8
interested,8
quitting,8
jenkinson,8
horses,8
wondered,8
thrown,8
relieved,8
king,8
reach,8
advise,8
gallantry,8
evils,8
allowing,8
impatient,8
abode,8
separation,8
sentiment,8
unknown,8
alarmed,8
watching,8
conclusion,8
carried,8
eagerness,8
woods,7
eligible,7
civilities,7
hold,7
welcomed,7
blushed,7
service,7
showed,7
affairs,7
tempted,7
extent,7
trusted,7
support,7
gown,7
settle,7
afford,7
pretend,7
spot,7
st,7
contained,7
wanting,7
altered,7
merit,7
spare,7
motives,7
sixteen,7
satisfactory,7
watched,7
sex,7
coffee,7
quest,7
concealed,7
suit,7
makes,7
patroness,7
disapprobation,7
inn,7
variety,7
established,7
study,7
glance,7
refusing,7
order,7
schemes,7
notion,7
reserve,7
resemblance,7
families,7
congratulate,7
profession,7
charles,7
discovered,7
truly,7
complexion,7
cared,7
raptures,7
falsehood,7
describe,7
stayed,7
drink,7
kindly,7
unreasonable,7
circle,7
alteration,7
game,7
resolving,7
cheerful,7
friendly,7
maam,7
telling,7
hands,7
completely,7
instance,7
intending,7
thanked,7
endeavours,7
rejoice,7
desirous,7
expose,7
third,7
waited,7
differently,7
esteemed,7
bestow,7
uneasiness,7
perceive,7
half-an-hour,7
ignorance,7
commission,7
approbation,7
flattered,7
formerly,7
frightened,7
aunts,7
finally,7
fancied,7
condescension,7
renewal,7
dwelling,7
entreaty,7
show,7
assist,7
broken,7
deep,7
seeking,7
twenty,7
treated,7
orders,7
discourse,7
uncomfortable,7
objects,7
proof,7
reserved,7
united,7
embarrassed,7
teasing,7
domestic,7
guard,7
conjecture,7
direct,7
liberty,7
represented,7
ventured,7
entertained,7
description,7
expectations,7
free,7
hopeless,7
fashion,7
parting,7
habit,7
temptation,7
approach,7
discovery,7
fault,7
mentioning,7
companions,7
remarkable,7
impression,7
succeeded,7
cards,7
dreaded,7
somebody,7
cheerfulness,7
refusal,7
rose,7
provided,7
rising,7
strongly,7
removal,7
worst,7
directions,7
arise,7
improbable,7
clever,7
dependence,7
pleasures,7
inform,7
supply,7
getting,7
selfish,7
hurt,6
pursue,6
encourage,6
louisa,6
fail,6
accident,6
disdain,6
good-humoured,6
recollect,6
raised,6
corps,6
chair,6
prefer,6
williams,6
agree,6
carriages,6
honourable,6
travelling,6
shocking,6
reproach,6
preparing,6
river,6
acted,6
fire,6
owed,6
agitation,6
mortifying,6
names,6
deserved,6
occasional,6
oblige,6
delay,6
establishment,6
accompanied,6
resigned,6
stronger,6
lucky,6
error,6
wisest,6
command,6
abhorrence,6
pursuit,6
lay,6
modesty,6
office,6
strength,6
fitted,6
miserable,6
matrimony,6
twelvemonth,6
impertinent,6
accordingly,6
increase,6
obligation,6
blind,6
recover,6
fifty,6
prepare,6
delayed,6
trying,6
evenings,6
ceased,6
advisable,6
takes,6
stopped,6
earliest,6
hundred,6
recovered,6
useless,6
distressing,6
grew,6
useful,6
lakes,6
aye,6
draw,6
conceited,6
entailed,6
addresses,6
wit,6
entertainment,6
distinguished,6
intentions,6
contain,6
admit,6
north,6
county,6
warm,6
purchase,6
professions,6
sees,6
explain,6
unfortunate,6
qualities,6
claims,6
human,6
acceptable,6
occupied,6
performance,6
roused,6
seat,6
tour,6
deference,6
peace,6
aspect,6
voluntarily,6
mortification,6
downstairs,6
playing,6
repeating,6
engaging,6
dont,6
charm,6
permission,6
powers,6
secret,6
violently,6
perverseness,6
source,6
invite,6
amused,6
exercise,6
renewed,6
willing,6
approached,6
instant,6
dressed,6
entreat,6
assembled,6
softened,6
gate,6
independence,6
continually,6
weak,6
expense,6
appearing,6
displeasure,6
proceeding,6
christmas,6
presence,6
purposely,6
cases,6
intercourse,6
suspense,6
dining,6
reminded,6
delicate,6
justify,6
actions,6
separate,6
forbearance,6
departure,6
jamess,6
weight,6
alluded,6
inconvenience,6
windows,6
declined,6
sweet,6
village,6
abilities,6
speedily,6
gradually,6
refused,6
militia,6
gratifying,6
employment,6
abominable,6
desired,6
larger,6
performed,6
indulgence,6
parlour,6
respects,6
plainly,6
utter,6
closed,6
grounds,6
improved,6
lead,6
urged,6
weather,6
sick,6
shown,6
inducement,5
pretensions,5
strike,5
example,5
interrupt,5
borne,5
exposing,5
mend,5
result,5
mortified,5
birth,5
steps,5
summoned,5
talents,5
uttered,5
good-natured,5
opposed,5
valued,5
evidently,5
emotion,5
argument,5
syllable,5
lawn,5
imagined,5
alarming,5
mans,5
vacant,5
endeavouring,5
disgraceful,5
welfare,5
causes,5
method,5
november,5
sweetness,5
attendance,5
dress,5
paper,5
arose,5
number,5
guess,5
guest,5
approve,5
recent,5
spring,5
curious,5
novelty,5
relating,5
spending,5
elsewhere,5
sides,5
odd,5
engage,5
thin,5
sufficiently,5
beneath,5
shut,5
gentle,5
conclude,5
imaginary,5
mere,5
places,5
repeat,5
mercenary,5
whist,5
uncivil,5
hasty,5
strangers,5
recovering,5
created,5
happily,5
convenient,5
diffidence,5
concerning,5
adding,5
disadvantage,5
inquiring,5
polite,5
impatiently,5
discussion,5
economy,5
trifle,5
correspondence,5
checked,5
respectability,5
justified,5
benefit,5
fully,5
pointing,5
horror,5
coloured,5
deficient,5
conscience,5
requiring,5
held,5
finer,5
expecting,5
meanwhile,5
trees,5
vestibule,5
unfolded,5
described,5
censure,5
similar,5
oclock,5
melancholy,5
remains,5
crossed,5
withdrew,5
sought,5
front,5
masters,5
mode,5
designed,5
apologise,5
bed,5
claim,5
pianoforte,5
adieu,5
enumerating,5
recollecting,5
treat,5
parts,5
amends,5
distant,5
ring,5
piece,5
calm,5
weakness,5
indulge,5
afforded,5
forgot,5
steward,5
dwelt,5
peculiar,5
bitterness,5
principle,5
suggested,5
distinction,5
dignity,5
dead,5
mile,5
insolent,5
effort,5
nearest,5
lucass,5
pointed,5
possess,5
language,5
carry,5
venture,5
shop,5
across,5
declaration,5
arguments,5
amazed,5
visits,5
lodgings,5
tranquillity,5
pressing,5
everyone,5
fish,5
joining,5
ruin,5
materially,5
visiting,5
half-hour,5
engrossed,5
morrow,5
letting,5
ah,5
papa,5
putting,5
principally,5
escaped,5
f,5
philosophy,5
trifling,5
alacrity,5
dressing-room,5
likelihood,5
lover,5
absurd,5
inferior,5
progress,5
attributed,5
assert,5
fellow,5
arisen,5
arising,5
discretion,5
actual,5
wise,5
measure,5
risk,5
solemn,5
fitzwilliams,5
stared,5
humility,5
ridicule,5
punishment,5
quarrel,5
ceremony,5
phillipss,5
unaffected,5
refreshment,5
disgust,5
mixture,5
uncommon,5
proposed,5
advanced,5
visible,5
accomplishments,5
impropriety,5
ill-natured,5
sing,5
entertain,5
post,5
provoke,5
amuse,5
offers,5
obliging,5
agitated,5
events,5
driven,5
estimation,5
confined,5
england,5
energy,5
dish,5
presentation,5
song,5
rate,5
sum,5
proceed,5
reflect,5
insensibility,5
teach,5
prejudice,5
defects,5
leading,5
reasons,5
rid,5
restraint,5
moving,5
solemnity,5
collinses,5
nice,5
attend,5
practice,5
produce,5
nearer,5
eat,5
bought,5
fearful,5
condescended,5
complaisance,5
owe,5
breeding,5
below,5
mutual,5
tired,4
misfortunes,4
unjust,4
absolute,4
fit,4
foundation,4
amusing,4
touched,4
score,4
preserve,4
debt,4
estates,4
union,4
lift,4
worked,4
disguise,4
exclaiming,4
succeeding,4
slightly,4
forming,4
humbled,4
liberal,4
fatigued,4
introducing,4
behalf,4
divided,4
thanking,4
solitary,4
stupidity,4
cordiality,4
owing,4
patronage,4
ridiculous,4
sad,4
aside,4
drive,4
bourghs,4
hastened,4
residence,4
endured,4
defy,4
thinks,4
luck,4
flirt,4
dirty,4
original,4
careful,4
dressing,4
paying,4
situated,4
keeping,4
lives,4
disliked,4
trade,4
ill-judged,4
defect,4
accepting,4
unequal,4
resent,4
acutely,4
prospects,4
bell,4
acceptance,4
extravagant,4
hoping,4
displeased,4
infamous,4
pale,4
deserves,4
phaeton,4
fifteen,4
assuring,4
infamy,4
carrying,4
procured,4
designs,4
intelligent,4
surely,4
tempt,4
occurrences,4
studying,4
perceiving,4
unconnected,4
allusion,4
injustice,4
pleasantly,4
convince,4
compared,4
womans,4
occasioned,4
obtained,4
law,4
younge,4
somewhere,4
reasonably,4
owner,4
forth,4
forcibly,4
shrubbery,4
caprice,4
rejected,4
solely,4
decidedly,4
perform,4
formidable,4
converse,4
absent,4
interval,4
dissatisfied,4
cost,4
shared,4
attribute,4
occur,4
ended,4
shows,4
contemplation,4
benefited,4
size,4
proportion,4
sport,4
freely,4
finish,4
treatment,4
execution,4
twelve,4
handsomest,4
unwelcome,4
decide,4
witnessed,4
dining-parlour,4
history,4
reject,4
dread,4
anticipated,4
houses,4
blush,4
toward,4
unwillingly,4
feels,4
won,4
complied,4
showing,4
clapham,4
experienced,4
nerves,4
abroad,4
cherished,4
dull,4
prudence,4
comforts,4
carter,4
examining,4
cheeks,4
started,4
becomes,4
fatigue,4
insensible,4
attack,4
complacency,4
gallery,4
ill-humour,4
minds,4
slowly,4
senses,4
examined,4
incumbent,4
freedom,4
cruel,4
display,4
captain,4
affect,4
card-table,4
active,4
warn,4
faults,4
breakfast-room,4
meat,4
conjectures,4
lower,4
symptom,4
begins,4
affront,4
points,4
rejoicing,4
stop,4
unworthy,4
entitled,4
infinitely,4
affability,4
unnecessary,4
complaints,4
jealousy,4
delivered,4
jones,4
die,4
suspect,4
entreaties,4
confused,4
grow,4
provide,4
deceive,4
killed,4
stupid,4
contented,4
apologising,4
trace,4
supposition,4
yield,4
salutation,4
arts,4
repine,4
mark,4
employments,4
awakened,4
extensive,4
son-in-law,4
blessed,4
mornings,4
deliberation,4
self-importance,4
imagination,4
prudent,4
sunk,4
preserved,4
enjoying,4
withheld,4
promising,4
affectionately,4
gravely,4
wisely,4
charms,4
coat,4
complain,4
harm,4
lovers,4
contrivance,4
instances,4
pains,4
unpardonable,4
depended,4
nervous,4
tender,4
cruelty,4
hated,4
reproof,4
calmness,4
accuse,4
assisted,4
extreme,4
conceit,4
extravagance,4
copse,4
hints,4
collection,4
furnish,4
flattering,4
decorum,4
visited,4
unlikely,4
gravity,4
supported,4
attempting,4
sorrow,4
injured,4
recommendation,4
happens,4
follies,4
depart,4
buy,4
sleep,4
frankness,4
delightfully,4
path,4
well-bred,4
unguarded,4
splendid,4
sickly,4
driving,4
management,4
rain,4
attractions,4
encouraging,4
inconvenient,4
flow,4
announce,4
resist,4
conference,4
quickly,4
catch,4
lessen,4
newcastle,4
scruple,4
quadrille,4
rapidity,4
attempted,4
suspicions,4
check,4
preceding,4
intelligible,4
secured,4
glancing,4
representation,4
liveliness,4
dispatched,4
confessed,4
animation,4
wood,4
professed,4
blessing,4
gentleness,4
kingdom,4
reduced,4
imputed,4
valley,4
promote,4
briefly,4
apartment,4
thursday,4
deeply,4
court,4
headstrong,4
nephews,4
luckily,4
activity,4
fishing,4
sole,4
betrayed,4
widely,4
peoples,4
higher,4
anne,4
cautious,4
amidst,4
perusal,4
obstinate,4
confirmation,4
abominably,4
capital,4
simpleton,4
forbid,4
stream,4
readiness,4
honestly,4
beauties,4
coolly,4
whilst,4
affections,4
accent,4
misunderstood,4
sincerity,4
sufficient,4
unlike,4
cross,4
grandeur,4
scruples,4
excessive,4
fancying,4
press,4
protesting,4
sinking,3
cordially,3
errors,3
fingers,3
offenses,3
substance,3
unwillingness,3
divide,3
summons,3
sermons,3
until,3
successful,3
accomplishment,3
caution,3
dignified,3
destined,3
keeps,3
nonsensical,3
wine,3
vary,3
rewarded,3
fix,3
admirable,3
grievous,3
effects,3
excepting,3
sheet,3
universally,3
ate,3
needed,3
miniatures,3
willingness,3
grove,3
camp,3
exclamations,3
unexpectedly,3
defiance,3
planned,3
adapted,3
privilege,3
diverted,3
intrusion,3
previous,3
remind,3
attorney,3
shaken,3
despised,3
constantly,3
annesley,3
later,3
accounting,3
intend,3
quartered,3
exact,3
falling,3
positive,3
sisterly,3
apparent,3
refrain,3
odious,3
detached,3
offense,3
conscious,3
yielding,3
tendency,3
attraction,3
bordering,3
complimented,3
saving,3
wandering,3
addressing,3
wilfully,3
nuptials,3
perpetually,3
presumption,3
walks,3
disdained,3
reader,3
condition,3
contrast,3
condemn,3
dismissed,3
plans,3
ill-will,3
flutter,3
adorned,3
propose,3
likeness,3
hereafter,3
courses,3
missed,3
sensations,3
justly,3
consult,3
reliance,3
amusements,3
despise,3
writer,3
failed,3
dependent,3
cruelly,3
tumult,3
offending,3
proprietor,3
firm,3
viewing,3
politely,3
imposed,3
momentary,3
agreement,3
submit,3
considerably,3
undeserving,3
hackney,3
walker,3
involved,3
complying,3
bent,3
varied,3
move,3
olive-branch,3
pompous,3
irritation,3
witness,3
inferiority,3
serenity,3
removing,3
owned,3
accompany,3
vouch,3
misunderstand,3
clearly,3
wounded,3
familiar,3
listener,3
intermission,3
thoughtlessness,3
whispering,3
banish,3
denial,3
drawing,3
repaired,3
alliance,3
accounts,3
lasted,3
rapid,3
effectually,3
georgianas,3
tickets,3
red,3
notions,3
total,3
abusing,3
continual,3
err,3
overspread,3
recovery,3
inhabitants,3
interview,3
ordinary,3
fellows,3
oppose,3
render,3
observations,3
scenes,3
guilt,3
respecting,3
calculated,3
lewis,3
pursuing,3
unhappily,3
excite,3
publicly,3
rationally,3
comparative,3
confirmed,3
descent,3
unconcern,3
hills,3
invaluable,3
security,3
ungracious,3
denied,3
becoming,3
promises,3
scandalous,3
postscript,3
guessed,3
dying,3
devoted,3
muslin,3
appears,3
retired,3
gentlemens,3
envelope,3
hesitated,3
paused,3
disgusted,3
offend,3
displayed,3
genteel,3
drop,3
inevitable,3
striking,3
message,3
angel,3
punctually,3
offering,3
forever,3
busily,3
incivility,3
burst,3
article,3
quickness,3
conversing,3
dejection,3
epsom,3
regimentals,3
intolerable,3
green,3
suited,3
building,3
learned,3
deigned,3
impulse,3
respected,3
rude,3
contrived,3
seeming,3
slighted,3
bless,3
heavy,3
meditating,3
curtsey,3
reflected,3
horse,3
bowed,3
bride,3
comprehended,3
approved,3
perseverance,3
heavens,3
northern,3
pretending,3
lament,3
horrid,3
collected,3
bidding,3
overlooked,3
belong,3
ceremonious,3
questioned,3
dearly,3
overthrown,3
inviting,3
provoking,3
urgent,3
measures,3
placing,3
manage,3
assertion,3
singing,3
agreeably,3
contentment,3
ride,3
admirer,3
wonderful,3
hesitate,3
favourites,3
card-tables,3
secretly,3
route,3
pitied,3
powerful,3
signify,3
attach,3
punish,3
insignificance,3
awe,3
reprehensible,3
partners,3
envy,3
ascended,3
widow,3
desperate,3
hurrying,3
merry,3
haughty,3
cordial,3
colouring,3
poultry,3
sources,3
skill,3
belonged,3
reaching,3
tongue,3
blaming,3
minutely,3
grieve,3
universal,3
resented,3
portion,3
determination,3
secondly,3
unfeeling,3
presents,3
convenience,3
saved,3
suitable,3
moral,3
army,3
defer,3
faulty,3
discomposure,3
easiness,3
regular,3
judged,3
integrity,3
comply,3
height,3
lovely,3
deeper,3
sly,3
guardianship,3
grown,3
jealous,3
regarded,3
save,3
afternoon,3
negative,3
continuance,3
separated,3
agreeing,3
handed,3
died,3
assume,3
daily,3
shoot,3
advised,3
banished,3
accidentally,3
fearing,3
adds,3
detest,3
boy,3
hither,3
wealth,3
growing,3
maid,3
preaching,3
earlier,3
advance,3
waiter,3
discharged,3
thoughtless,3
answering,3
incredulous,3
unconsciously,3
communicated,3
silently,3
relative,3
gratefully,3
despaired,3
unassuming,3
extended,3
wifes,3
suitableness,3
pronounce,3
civilly,3
unluckily,3
violence,3
unsettled,3
field,3
represent,3
formality,3
middle,3
purchased,3
crowded,3
existence,3
obeyed,3
habits,3
acting,3
diversion,3
sensation,3
built,3
disconcerted,3
significant,3
obligations,3
carefully,3
throughout,3
benevolence,3
alternative,3
three-and-twenty,3
bit,3
abundantly,3
per,3
pen,3
resolutely,3
peculiarly,3
remembrance,3
carolines,3
boys,3
explaining,3
accidental,3
restoration,3
compose,3
gravel,3
sink,3
remark,3
composed,3
privately,3
procuring,3
fetch,3
reserves,3
awkwardness,3
preferred,3
pleasantness,3
revived,3
la,3
defend,3
announced,3
deprived,3
mantelpiece,3
pitiable,3
provoked,3
joke,3
travellers,3
composedly,3
stationed,3
claimed,3
frivolous,3
punctual,3
decease,3
hair,3
paddock,3
noise,3
worthy,3
noisy,3
avowed,3
plague,3
replying,3
relates,3
insupportable,3
comparatively,3
poorly,3
regrets,3
encounter,3
conceive,3
ungenerous,3
consistent,3
selected,3
overheard,3
overpowered,3
accusations,3
gloom,3
overcame,3
god,3
fret,3
officious,3
bridge,3
affectation,3
detained,3
glow,3
reputation,3
rector,3
improve,3
faces,3
confident,3
spread,3
speeches,3
stopping,3
expenses,3
ramsgate,3
characters,3
incredulity,3
meanly,3
attacks,3
steadily,3
brother-in-law,3
existed,3
liveliest,3
willingly,3
faithful,3
tis,3
uniformly,3
leads,3
wilful,3
avowal,3
tidings,3
cool,3
contracted,3
water,3
thirty,3
descended,3
hospitality,3
slightest,3
dropped,3
speaks,3
impartial,3
qualified,3
farewell,3
self-denial,3
disinterested,3
necessarily,3
white,3
season,3
wide,3
unfortunately,3
require,3
prosperity,3
gaining,3
adopt,3
beholding,3
voluntary,3
ways,3
review,3
assertions,3
contrive,3
unreserved,3
petticoat,3
changing,3
recital,3
competition,3
oftener,3
communicate,3
discussed,3
mischief,3
applying,3
lamentations,3
induce,3
regiments,3
list,3
impudence,3
hesitation,3
solitude,3
handsomer,3
instructions,3
needless,3
candour,3
prodigiously,3
fallen,3
stately,3
betray,3
obtain,3
keenest,3
art,3
succeed,3
opposition,3
overlook,3
flight,3
demand,3
disappointing,3
objecting,3
stating,3
intervals,3
tables,3
housekeeping,3
raising,3
happier,3
vice,3
breach,3
tenderness,3
settling,3
confession,3
apply,3
lottery,3
examination,3
steadfastly,3
patron,3
struggles,3
bye,3
acknowledgment,3
attentively,3
ponies,3
bonnet,3
consoling,3
objectionable,3
safely,3
withdrawn,3
decent,3
repetition,3
privileged,3
wonders,3
openness,3
preferment,3
shant,3
incredible,3
june,3
woody,2
persisted,2
forgetting,2
interrupting,2
females,2
expressively,2
feature,2
hot,2
wink,2
concurrence,2
barnet,2
distinguishing,2
blinded,2
backgammon,2
disturbed,2
speedy,2
bitter,2
positively,2
transactions,2
retaining,2
meetings,2
pocket,2
playfulness,2
toilette,2
temptations,2
wished-for,2
doubts,2
employ,2
unfelt,2
remembering,2
anticipating,2
fairly,2
ill-usage,2
absurdities,2
gretna,2
innocent,2
hat,2
occurring,2
effusion,2
greatness,2
effusions,2
irksome,2
gloomy,2
rapturous,2
tear,2
sigh,2
sign,2
celebrated,2
phillipses,2
studied,2
studies,2
wondering,2
loving,2
consoled,2
originally,2
admires,2
date,2
revealed,2
self-reproach,2
subsisting,2
thoughtfulness,2
derive,2
thereby,2
receipt,2
fellow-creatures,2
disrespect,2
liberally,2
modest,2
occupy,2
2,2
representing,2
depressed,2
dutifully,2
illness,2
preservative,2
unsuitable,2
slow,2
dispute,2
borrow,2
landlord,2
liable,2
screen,2
suppressed,2
s,2
loudly,2
allowance,2
gaiety,2
caring,2
practises,2
stretch,2
breath,2
consulted,2
kittys,2
intimately,2
edged,2
dinner-time,2
deceiving,2
hereabouts,2
joyful,2
around,2
dark,2
vague,2
memories,2
noon,2
stone,2
fastidious,2
abused,2
rage,2
brotherly,2
accents,2
tranquil,2
injurious,2
sanguine,2
incomprehensible,2
hursts,2
accosted,2
sensibility,2
accompanying,2
laying,2
obtruded,2
experience,2
prior,2
beheld,2
6,2
spoilt,2
rudeness,2
stated,2
passages,2
incessantly,2
rapidly,2
symptoms,2
assemblies,2
denoted,2
retained,2
w,2
expedient,2
purport,2
preservation,2
livery,2
seized,2
yawn,2
singled,2
fashions,2
condole,2
detaining,2
unjustly,2
remedy,2
rejecting,2
hauteur,2
improves,2
poverty,2
worthless,2
evenness,2
mildness,2
moderation,2
awake,2
uncertain,2
pressed,2
painfully,2
indelicacy,2
owes,2
elevated,2
forgiveness,2
regretting,2
crying,2
suffering,2
nicholls,2
behave,2
fretfulness,2
discontented,2
repaid,2
exposed,2
custom,2
thirdly,2
defined,2
concealment,2
fixing,2
idleness,2
conjectured,2
existing,2
sakes,2
advantageously,2
gathered,2
acquit,2
licence,2
desiring,2
exciting,2
finery,2
drily,2
rode,2
pieces,2
pales,2
singular,2
michaelmas,2
doubtful,2
traced,2
whither,2
favours,2
behaves,2
courted,2
collecting,2
trusting,2
awed,2
manor,2
courtesy,2
brink,2
wretchedness,2
exerted,2
authorised,2
infinite,2
wet,2
checking,2
amendment,2
passion,2
coldly,2
merited,2
unfavourable,2
spots,2
startled,2
disengaged,2
shyness,2
deficiency,2
triumphant,2
bearing,2
rightly,2
contribute,2
prosperous,2
dilatory,2
transports,2
rule,2
mansion,2
settlement,2
protection,2
striving,2
wore,2
worn,2
ere,2
disappoint,2
resignation,2
misconduct,2
precipitate,2
break,2
shameful,2
lifted,2
john,2
paltry,2
portraits,2
genuine,2
quieted,2
completed,2
involving,2
peevish,2
adieus,2
accounted,2
guidance,2
deepest,2
covering,2
explanations,2
observer,2
admiring,2
ingenious,2
excess,2
condemned,2
duties,2
sheltered,2
independent,2
springing,2
confiding,2
belongs,2
disinclination,2
born,2
theirs,2
derision,2
holding,2
five-and-twenty,2
matlock,2
broke,2
horseback,2
presented,2
turns,2
upper,2
perplexity,2
appeal,2
twenty-seven,2
trial,2
wonderfully,2
intently,2
pauses,2
staircase,2
explicit,2
consulting,2
playful,2
birds,2
forms,2
dreadfully,2
atonement,2
liberality,2
courtship,2
provision,2
discuss,2
january,2
directing,2
circumspection,2
perfections,2
space,2
housemaid,2
intruding,2
counteracted,2
card,2
fonder,2
comprised,2
affronted,2
discernment,2
fruits,2
price,2
staid,2
honours,2
unfit,2
reputed,2
expeditiously,2
cares,2
commanded,2
closest,2
fortnights,2
authoritative,2
offence,2
apartments,2
duration,2
fell,2
testimony,2
forwarded,2
start,2
lot,2
circulation,2
cautioning,2
embracing,2
pledged,2
anybodys,2
acknowledgments,2
praises,2
inspired,2
amount,2
nine,2
fronted,2
parasol,2
foreseen,2
renewing,2
banks,2
astonish,2
fool,2
undergone,2
unnatural,2
dirt,2
brightest,2
cheering,2
perturbation,2
station,2
storm,2
performers,2
affirmative,2
substantial,2
ball-room,2
throwing,2
firmest,2
familiarity,2
distinguish,2
abruptly,2
delights,2
dialogue,2
partly,2
recalled,2
smart,2
animated,2
guide,2
pack,2
discredit,2
grand,2
decency,2
older,2
quarters,2
retirement,2
wounding,2
exercising,2
march,2
signal,2
sketch,2
parade,2
describing,2
conditionally,2
hypocritical,2
alive,2
reel,2
accustomed,2
curricle,2
abruptness,2
surmise,2
pretended,2
neighbouring,2
everywhere,2
yourselves,2
compassionate,2
inspection,2
indolence,2
congratulated,2
testified,2
inattentive,2
vexatious,2
dropt,2
atone,2
poetry,2
missent,2
instinctively,2
fare,2
farm,2
including,2
stout,2
crossing,2
shaking,2
prevailing,2
ankles,2
exceeded,2
special,2
humiliating,2
undo,2
determining,2
indisposed,2
quality,2
bears,2
prone,2
pursued,2
violation,2
gratify,2
doubting,2
endless,2
shy,2
precious,2
discouraged,2
obstacles,2
mistakes,2
detain,2
gouldings,2
fate,2
amply,2
page,2
liking,2
compatible,2
previously,2
doubtless,2
lagged,2
gain,2
godson,2
offensive,2
commencement,2
similarity,2
sweetest,2
teaching,2
vast,2
self-gratulation,2
survive,2
involve,2
amazing,2
reconciled,2
indignity,2
befall,2
wickedness,2
personal,2
persist,2
subsisted,2
arrested,2
revenge,2
loud,2
acquaint,2
dwell,2
enabled,2
deserving,2
threadbare,2
rattle,2
modern,2
inconsistency,2
assisting,2
scotch,2
rapture,2
brilliancy,2
supplied,2
meditate,2
reference,2
weary,2
estimable,2
suppress,2
inattention,2
"sir,""i",2
ugly,2
cant,2
self-consequence,2
meets,2
failing,2
unconcerned,2
etiquette,2
consciousness,2
warmest,2
pecuniary,2
affinity,2
boasted,2
whichever,2
coarseness,2
somehow,2
collect,2
bold,2
lieu,2
flying,2
creditable,2
assented,2
excel,2
answerable,2
unwell,2
happening,2
parcels,2
restored,2
relieve,2
deceitful,2
bordered,2
praised,2
marks,2
excellence,2
eating,2
involuntarily,2
soliciting,2
sharing,2
avoiding,2
soul,2
soup,2
arrive,2
pure,2
misrepresented,2
gaieties,2
shake,2
group,2
ours,2
feverish,2
careless,2
aloof,2
correct,2
cough,2
suspended,2
pair,2
treasure,2
slyness,2
requesting,2
doings,2
maintained,2
judging,2
educated,2
apologised,2
dated,2
bottle,2
penetration,2
consisted,2
gates,2
audience,2
miraculous,2
everybodys,2
gross,2
footing,2
intrude,2
tease,2
mixed,2
pleasantry,2
distracted,2
decisive,2
arranged,2
sensibly,2
examine,2
sufferings,2
reproofs,2
founded,2
invariably,2
reluctant,2
knighthood,2
defence,2
favourably,2
search,2
comparing,2
handsomely,2
apprehensions,2
varying,2
recall,2
purchases,2
sphere,2
sharp,2
robinson,2
narrowly,2
detected,2
triumphantly,2
prejudices,2
connect,2
suspecting,2
allusions,2
stands,2
tiresome,2
conducted,2
embraced,2
beloved,2
consented,2
goodwill,2
panegyric,2
scattered,2
breast,2
resolve,2
remove,2
individual,2
spiritless,2
gay,2
deferred,2
anecdote,2
development,2
shape,2
thorough,2
irritable,2
deliberately,2
easter,2
hates,2
chambermaid,2
insincere,2
ornaments,2
continuing,2
tenants,2
abusive,2
lesson,2
rejection,2
possessor,2
scarlet,2
prevail,2
excused,2
excuses,2
rallied,2
conjugal,2
intricate,2
presently,2
moderate,2
cheapside,2
shock,2
reconciliation,2
inconveniences,2
body,2
talent,2
abominate,2
conjecturing,2
earnestness,2
arranging,2
unforgiving,2
daring,2
dinners,2
meditated,2
yielded,2
incensed,2
thereupon,2
mortal,2
charmingly,2
finest,2
sadly,2
vulgar,2
immovable,2
acquiescence,2
detection,2
loves,2
tide,2
comfortably,2
apparently,2
pausing,2
watchfulness,2
boundary,2
smilingly,2
vent,2
tenderly,2
weighed,2
judgment,2
sister-in-law,2
seats,2
haggerston,2
recommending,2
elapsed,2
convey,2
vivacity,2
preparations,2
variation,2
ramble,2
appetite,2
rise,2
school,2
half-hours,2
infancy,2
surrounding,2
expressive,2
blue,2
hide,2
pratt,2
leaves,2
grief,2
ardently,2
ingenuity,2
scolding,2
mouths,2
imaginable,2
sparkled,2
prepossession,2
destroyed,2
lasting,2
discomposed,2
kinder,2
confirming,2
gowns,2
serve,2
mirth,2
thoroughly,2
censured,2
grosvenor,2
door-bell,2
watch,2
anxiously,2
presuming,2
archly,2
extracts,2
players,2
warehouses,2
punctuality,2
containing,2
suggest,2
wound,2
action,2
hearty,2
departed,2
strenuously,2
pitiful,2
humanity,2
descending,2
contradict,2
indirect,2
ensure,2
efforts,2
discharging,2
puzzle,2
class,2
ruined,2
despising,2
setting,2
vanished,2
unembarrassed,2
discharge,2
rob,2
displaying,2
discern,2
injure,2
essentials,2
passage,2
goes,2
guilty,2
prey,2
teased,2
neglected,2
laughter,2
stroke,2
eloquent,2
fourth,2
depending,2
conquer,2
apothecary,2
exclamation,2
attracted,2
impose,2
envied,2
fight,2
cheerfully,2
returns,2
alas,2
accused,2
generality,2
wandered,2
unavailing,2
falls,2
cleared,2
annum,2
trespass,2
obstinacy,2
partake,2
begging,2
fainter,2
apologies,2
originated,2
exasperate,2
mount,2
cast,2
resentful,2
quarreling,2
bows,2
disadvantages,2
longing,2
termination,2
model,2
guided,2
cease,2
satin,2
acute,2
veracity,2
affording,2
informing,2
whence,2
governed,2
requested,2
winking,2
included,2
glimpse,2
regulars,2
awful,2
familiarly,2
advantageous,2
christian,2
stiffness,2
draughts,2
breaking,2
adventure,2
shade,2
unite,2
pleasanter,2
oppressed,2
inflict,2
resentfully,2
induced,2
entreated,2
breathless,2
headache,2
statement,2
vindication,2
double,2
instruction,2
exert,2
alike,2
saloon,2
deserts,2
grievances,2
loveliness,2
arm,2
numerous,2
duplicity,2
improper,2
decline,2
theres,2
lodges,2
canvassed,2
ecstasy,2
anguish,2
ample,2
edge,2
regardless,2
exhibition,2
sharpened,2
distrust,2
marias,2
essential,2
forsters,2
range,2
conquest,2
whims,2
mountains,2
solidity,2
characteristic,2
malicious,2
unjustifiable,2
flirtation,2
reproached,2
unaffectedly,2
resistance,2
disposal,2
malice,2
plead,2
concisely,2
gaily,2
bitterly,2
confidante,2
tax,2
struggled,2
maternal,2
abuse,2
fortunately,2
sanctioned,2
restrain,2
inconsistencies,2
covered,2
commended,2
flew,2
articles,2
indulged,2
additional,2
hitherto,2
filial,2
laughingly,2
creditors,2
unaccountable,2
discourage,2
refreshing,2
neatness,2
ensued,2
pleases,2
precipitance,2
planning,2
fretfully,2
disgracing,2
indignant,2
flirting,2
brain,2
ascertain,2
humiliation,2
acquired,2
genius,2
worldly,2
unhappiness,2
carelessness,2
kissed,2
slave,2
scrupled,2
correspondent,2
hastening,2
captivating,2
presume,2
inheriting,2
mother-in-law,2
repressed,2
exceed,2
neglecting,2
lizzys,2
conveyed,2
polished,2
volume,2
good-bye,2
begun,2
intentionally,2
foul,1
hanging,1
scold,1
meadows,1
bathing-place,1
disturb,1
piling,1
succession,1
diffuseness,1
tires,1
consenting,1
cooking,1
contributed,1
designing,1
gayer,1
work-bags,1
china,1
natured,1
reports,1
powdering,1
military,1
secluded,1
criticise,1
forbore,1
cheating,1
impartiality,1
brings,1
glass,1
household,1
bitterest,1
complaining,1
shrug,1
gaming,1
youths,1
revolt,1
headquarters,1
18th,1
wind,1
heretofore,1
narrowest,1
nobler,1
over-rated,1
beaux,1
interfering,1
preceded,1
ill-used,1
forwarding,1
wavered,1
threatened,1
faculties,1
grapes,1
shelves,1
angelic,1
instruct,1
clamorous,1
sallied,1
wisdom,1
scarborough,1
exultation,1
project,1
endure,1
haye,1
acquisition,1
dozen,1
courier,1
sweet-tempered,1
vexing,1
obsequiousness,1
mouth,1
morality,1
fugitives,1
sons-in-law,1
four-and-twenty,1
apace,1
vexations,1
upbraiding,1
emphatically,1
plate,1
petrified,1
societies,1
nicely,1
release,1
hasten,1
precluding,1
well-educated,1
foxhounds,1
rings,1
scorn,1
"sincerely,""m",1
great-uncle,1
unprotected,1
mortifies,1
quarrelling,1
tallest,1
commerce,1
congratulation,1
played,1
hatfield,1
severity,1
harmony,1
parsonage-house,1
emphatic,1
qualifications,1
altar,1
ill-judging,1
milliner,1
outlived,1
distribute,1
birmingham,1
ham,1
advancement,1
ante-chamber,1
elevation,1
re-considering,1
disagreement,1
"harriet,""you",1
pavement,1
crowd,1
predominance,1
crown,1
sea-bathing,1
enemies,1
bottom,1
creative,1
witty,1
disheartened,1
palatable,1
shifting,1
losing,1
bowing,1
benches,1
grievously,1
despair,1
ill-founded,1
avail,1
despises,1
authorized,1
acquainting,1
self-command,1
nicest,1
soothe,1
exist,1
solicitation,1
benefiting,1
scale,1
fastened,1
indolent,1
vex,1
reverting,1
busy,1
stays,1
fullest,1
cooks,1
speculation,1
unaware,1
insignificant,1
profligate,1
yards,1
commonly,1
studier,1
carpets,1
crammed,1
vigour,1
explicitly,1
scope,1
conciliating,1
believes,1
re-establish,1
stole,1
northwards,1
revolted,1
stress,1
varieties,1
disagreeably,1
yawning,1
solace,1
petition,1
conveying,1
equipage,1
executors,1
picture-gallery,1
bashful,1
overpowering,1
arriving,1
maintaining,1
instability,1
irremediable,1
paling,1
prudently,1
canvas,1
robinsons,1
abide,1
investigation,1
shop-boy,1
suggesting,1
seennight,1
misused,1
jumbled,1
symmetry,1
conscientiously,1
spanish,1
affords,1
city,1
postilions,1
harringtons,1
brevity,1
violated,1
pressingly,1
proving,1
overtaken,1
rival,1
coats,1
jewels,1
tastes,1
rained,1
lurking,1
fashionable,1
instructed,1
coincide,1
creditably,1
discerning,1
unkindness,1
airing,1
pages,1
unabated,1
trembled,1
murmurs,1
peaches,1
bright,1
scarce,1
reconciling,1
uppermost,1
blinds,1
assistant,1
man-servant,1
resource,1
aroused,1
illiberal,1
spars,1
adept,1
conversed,1
loveliest,1
coppice-wood,1
sentinel,1
plantation,1
mounting,1
practised,1
enable,1
lanes,1
surpassing,1
chatty,1
pretence,1
confidently,1
newspaper,1
brow,1
fame,1
inoffensive,1
peculiarities,1
book-room,1
manifold,1
invalid,1
flutterings,1
grantleys,1
overthrow,1
defection,1
apprehending,1
doubtingly,1
60,1
superiority,1
clat,1
conditional,1
dimensions,1
restoring,1
unsuccessfully,1
retains,1
forgetfulness,1
joyfully,1
perturbed,1
fervently,1
burning,1
sneering,1
wits,1
survived,1
buying,1
pull,1
october,1
turnpike-road,1
impute,1
detailed,1
exhausted,1
watches,1
associating,1
incautiously,1
tremble,1
self-conquest,1
querulous,1
intimation,1
waived,1
tricks,1
caused,1
importune,1
reasoning,1
friendless,1
condescends,1
hunting,1
superintended,1
premeditation,1
appointment,1
puzzled,1
candid,1
revolving,1
encroaching,1
ingratitude,1
sang,1
desertion,1
destitute,1
mayoralty,1
richard,1
clock,1
pliancy,1
undecided,1
revealing,1
escaping,1
indecision,1
scheming,1
concluding,1
outdone,1
compliance,1
social,1
cessation,1
crowned,1
good-tempered,1
wavering,1
entrance-hall,1
ill-qualified,1
foundations,1
cunning,1
science,1
upbraided,1
male,1
water-plant,1
prompt,1
needlework,1
dislikes,1
music-books,1
mince-pies,1
glowing,1
footman,1
unattended,1
disgraced,1
pleaded,1
irreligious,1
fender,1
bowl,1
rectory,1
attitude,1
pang,1
signs,1
saucy,1
termed,1
attributing,1
ruining,1
lies,1
men-servants,1
consign,1
barefaced,1
eloquence,1
parishioners,1
resolute,1
millers,1
research,1
darling,1
occurs,1
risen,1
proxy,1
rises,1
definition,1
devoid,1
clump,1
forwards,1
heads,1
probity,1
cradles,1
syllables,1
satirical,1
grace,1
beneficial,1
beforehand,1
sell,1
extorted,1
self,1
recognizing,1
bosom,1
seize,1
cover,1
extractions,1
defended,1
occupation,1
sideboard,1
writes,1
ordained,1
blameable,1
farthing,1
closely,1
compass,1
adhered,1
enemy,1
hot-pressed,1
proclaim,1
kill,1
instituted,1
knees,1
ill-treatment,1
seconded,1
guinea,1
avoidance,1
hardship,1
fidgety,1
premises,1
giddiness,1
fidgets,1
untouched,1
diminution,1
coincidence,1
indefinite,1
volubility,1
monthly,1
silenced,1
upstart,1
39,1
33,1
westerham,1
leaning,1
ducks,1
vow,1
vanish,1
shorten,1
shorter,1
severest,1
epithet,1
cucumber,1
theatres,1
comprise,1
tradesmans,1
reap,1
admission,1
depravity,1
demands,1
wives,1
mischance,1
abound,1
emergence,1
communications,1
attics,1
stables,1
seclusion,1
dictates,1
dictated,1
generous-hearted,1
forgave,1
encumbrance,1
awaited,1
criticisms,1
unknowingly,1
impudent,1
inches,1
graciously,1
blowsy,1
inducements,1
mature,1
storing,1
reconcile,1
oddity,1
haunt,1
presided,1
surveying,1
graceful,1
stiffly,1
scrape,1
condolence,1
livings,1
energetic,1
faintly,1
land,1
resign,1
transient,1
amiss,1
inferences,1
afflicting,1
rejoined,1
pocket-book,1
panting,1
mixing,1
detested,1
fewer,1
race,1
insolence,1
unprofitable,1
imply,1
henceforth,1
flowing,1
punch,1
delivering,1
deduced,1
survey,1
involves,1
innocence,1
distrusted,1
drawing-rooms,1
archbishop,1
eleven,1
feelingly,1
gladly,1
charity,1
retreated,1
challenge,1
insists,1
pour,1
process,1
lock,1
transpired,1
slit,1
sitting-room,1
animal,1
fine-looking,1
pigs,1
watering-place,1
pyramids,1
counted,1
dispose,1
imperfection,1
meantime,1
degrees,1
volatility,1
physicians,1
kiss,1
jestingly,1
paler,1
traces,1
tents,1
slightingly,1
thirteen,1
differ,1
wander,1
acutest,1
unprepared,1
assiduously,1
alighted,1
staggered,1
blown,1
affliction,1
tea-time,1
travelled,1
chagrin,1
beatings,1
tortured,1
communicativeness,1
repented,1
accusing,1
half-deserved,1
dishes,1
brother-in-laws,1
injunctions,1
disturbers,1
accuracy,1
device,1
clear-sighted,1
vacancy,1
rough,1
nominally,1
conciliate,1
riding,1
irreproachable,1
unalterable,1
antagonist,1
summon,1
infliction,1
rein,1
packed,1
insulting,1
mien,1
agreeable-looking,1
barbarously,1
doorway,1
figures,1
webbs,1
laity,1
steadiness,1
poured,1
feather,1
waste,1
recurring,1
dovedale,1
wearied,1
uncertainty,1
propensities,1
tenor,1
ostentatious,1
concealing,1
balm,1
proficiency,1
newest,1
negligence,1
rambled,1
gentlest,1
afflicted,1
fluctuating,1
increases,1
super-excellent,1
incessant,1
fools,1
uncompanionable,1
undertaking,1
surest,1
choosing,1
transport,1
forgiven,1
unassailed,1
re-kindled,1
selecting,1
posterity,1
stage,1
sagacity,1
foretold,1
roads,1
unfavourably,1
boisterously,1
justifying,1
troubling,1
taciturn,1
construction,1
detestable,1
wretchedly,1
undutiful,1
profusion,1
irish,1
hearers,1
endeared,1
trials,1
capers,1
exposure,1
confinement,1
villainous,1
barouche-box,1
expostulation,1
prognostics,1
bewildered,1
exaggerate,1
monotonous,1
irrevocably,1
consequent,1
neat,1
kindred,1
equals,1
simpers,1
cogent,1
ductility,1
twenty-four,1
doleful,1
angrily,1
opportunities,1
sarah,1
separates,1
unshackled,1
indicated,1
pulvis,1
gaped,1
agony,1
lad,1
arch,1
misleads,1
retail,1
retort,1
devote,1
proportionate,1
repulsive,1
rocks,1
relished,1
forty,1
remorse,1
self-deception,1
disputes,1
delicious,1
rated,1
seduction,1
plentiful,1
airs,1
luncheon,1
diversified,1
domestics,1
contrasted,1
sportsmen,1
impelled,1
peace-making,1
quieter,1
circles,1
maiden,1
distraction,1
proverb,1
newcomers,1
industriously,1
adequate,1
degradation,1
unworthily,1
prefaced,1
runs,1
exchanged,1
repugnant,1
half-laughing,1
complimenting,1
inns,1
miserably,1
unfold,1
disservice,1
kitchen,1
satisfactions,1
dawdled,1
repelled,1
attacked,1
coherent,1
harboured,1
brightening,1
spasms,1
arm-in-arm,1
abrupt,1
applies,1
aid,1
palings,1
discourses,1
authorise,1
fuss,1
swell,1
rail,1
liberties,1
blamed,1
tranquilly,1
tormenting,1
musical,1
gods,1
loo-table,1
repose,1
victim,1
board,1
boxes,1
injuring,1
sends,1
eyeing,1
unavoidable,1
misled,1
participation,1
illustration,1
procure,1
provocations,1
peep,1
dines,1
deeply-rooted,1
cherish,1
impenetrably,1
considerations,1
faint,1
wasting,1
rendering,1
speediest,1
strangely,1
deception,1
deliberated,1
fervent,1
war,1
lowest,1
overjoyed,1
diligence,1
arrear,1
consolatory,1
observances,1
elderly,1
overruled,1
anew,1
easter-day,1
subsist,1
curiosities,1
disputable,1
meanness,1
falsely,1
test,1
shrink,1
assiduous,1
scores,1
dissipation,1
songs,1
polluted,1
soothed,1
brown,1
ascertaining,1
p,1
revolution,1
regained,1
scarcity,1
perusing,1
uniform,1
ill-nature,1
oaks,1
disclaim,1
sending,1
petitioned,1
matrimonial,1
puffed,1
unappeasable,1
market,1
captivate,1
beneficence,1
repentance,1
breakfast-parlour,1
clue,1
commissioned,1
decked,1
hardest,1
hears,1
watsons,1
stoutly,1
detaching,1
chin,1
productive,1
dispositions,1
nowhere,1
allowable,1
imputing,1
petulance,1
acrimony,1
serving,1
neighbourhoods,1
forfeit,1
bewitching,1
freckled,1
selves,1
vicinity,1
inflicted,1
spacious,1
wont,1
concerto,1
intrigues,1
prompted,1
avoided,1
digressions,1
inevitably,1
transition,1
british,1
honest,1
thankfulness,1
profess,1
omitted,1
impetuous,1
inconceivable,1
vehemence,1
frame,1
larder,1
mostly,1
consigned,1
brains,1
inmates,1
transferred,1
profuse,1
troublesome,1
colonels,1
overcoming,1
terrific,1
swelled,1
authorising,1
hall-door,1
plainer,1
envying,1
ordination,1
eastbourne,1
fifth,1
title,1
duel,1
bracelets,1
prided,1
stroll,1
youll,1
effectual,1
suspects,1
corroboration,1
3,1
prettiest,1
unbending,1
hurts,1
discernible,1
resides,1
reasonableness,1
unseldom,1
enabling,1
haunch,1
learning,1
disclosed,1
solaced,1
realities,1
coquetry,1
implacable,1
northward,1
develop,1
innocently,1
campful,1
pedantic,1
fruit,1
unasked,1
complained,1
demean,1
alleviate,1
charged,1
speed,1
mingling,1
allude,1
using,1
earls,1
engross,1
animating,1
passions,1
perverse,1
sixth,1
equivalent,1
waiting-woman,1
fordyces,1
boldly,1
remonstrance,1
conceals,1
deranged,1
dazzling,1
verily,1
nowadays,1
assumed,1
loo,1
suppositions,1
forwarder,1
covies,1
pitched,1
hire,1
default,1
lawfully,1
side-glass,1
self-conceit,1
valid,1
forcing,1
forgiving,1
peak,1
pool,1
untidy,1
groundwork,1
thoughtful,1
bakewell,1
superciliousness,1
solicit,1
resounding,1
confidential,1
austerity,1
ceaseless,1
abatement,1
streets,1
unheard,1
casual,1
whats-his-name,1
emotions,1
thorough-bass,1
entailing,1
witticisms,1
loose,1
answers,1
trunk,1
losses,1
inspires,1
courtier,1
disgusting,1
aimed,1
attendant,1
amaze,1
probabilities,1
contains,1
weak-spirited,1
injury,1
pretense,1
sportive,1
writing-table,1
cows,1
exclude,1
firmly,1
derived,1
tries,1
gardeners,1
derives,1
healthfulness,1
bustle,1
comfortless,1
reluctance,1
annual,1
food,1
grandfathers,1
foot,1
well-known,1
intervene,1
referred,1
restless,1
pin-money,1
absurdity,1
veneration,1
surrounded,1
publish,1
howsoever,1
engrossing,1
safety,1
7,1
outrun,1
gardener,1
dictatorial,1
gamester,1
curtailed,1
diffused,1
unbecoming,1
perceptible,1
persists,1
bridegroom,1
quarreled,1
extenuating,1
minutest,1
dissemble,1
inventing,1
miseries,1
anticipate,1
hesitating,1
alluding,1
sentences,1
lie,1
suddenness,1
flaming,1
labour,1
decorums,1
hired,1
comparisons,1
popularity,1
unreasonably,1
latest,1
stubbornness,1
hardened,1
exhibiting,1
sacrificed,1
adhering,1
superintends,1
recommendations,1
courteous,1
pictures,1
cottagers,1
woe,1
conditions,1
pictured,1
missing,1
fluently,1
secrets,1
felicitations,1
"brother,""at",1
letter-paper,1
half-finished,1
ridiculing,1
deciding,1
unrestrained,1
stamp,1
damp,1
coarse,1
instructing,1
compromised,1
pace,1
clerical,1
billiard-table,1
composition,1
temporary,1
consistency,1
weakest,1
settlements,1
overflows,1
roasted,1
uselessly,1
pronouncing,1
sharers,1
defied,1
popular,1
softness,1
ashworth,1
kindest,1
savage,1
exceeding,1
forgets,1
folios,1
negatived,1
anecdotes,1
stem,1
shine,1
reappear,1
disclosure,1
ensue,1
conscientious,1
imaginations,1
healthful,1
frost,1
branch,1
ceremonies,1
persisting,1
lowness,1
stumbling,1
commiseration,1
mindful,1
rested,1
restrained,1
e,1
bribe,1
dismission,1
rencontre,1
sixpence,1
arrogance,1
wave,1
positions,1
waking,1
ardent,1
languor,1
over-scrupulous,1
plays,1
paintings,1
completion,1
convert,1
withdrawing,1
repel,1
commendable,1
foresee,1
win,1
apprehensive,1
stupider,1
unpleasantly,1
depreciate,1
beauteous,1
appointed,1
salad,1
undeceive,1
boasting,1
defective,1
picturesque,1
immoral,1
imparted,1
comprehends,1
revered,1
converting,1
exclusion,1
thence,1
shewed,1
laconic,1
magnitude,1
attachments,1
pursuits,1
constitute,1
separating,1
gallant,1
jilt,1
intruder,1
sneer,1
untinctured,1
fellow-travellers,1
befriended,1
shoe-roses,1
counterpart,1
timed,1
glories,1
succeeds,1
possessing,1
forego,1
seasonable,1
gloried,1
eminence,1
precisely,1
dove,1
adopted,1
fairest,1
unsuspicious,1
aught,1
assents,1
yawned,1
providing,1
exhibit,1
enforced,1
captivation,1
thwarted,1
unchanged,1
torment,1
portrait,1
constrained,1
sings,1
battled,1
counterbalance,1
mechanically,1
spleen,1
penitent,1
proceedings,1
enjoyments,1
soldiers,1
obsequious,1
shield,1
inherited,1
attained,1
seizing,1
magistrate,1
oppressively,1
coaxed,1
flogged,1
unfrequently,1
burying,1
legacy,1
operated,1
luckiest,1
tend,1
surmises,1
horrible,1
tens,1
tent,1
sorely,1
interfere,1
undetermined,1
limits,1
lofty,1
habitual,1
discrimination,1
overthrowing,1
shoulders,1
retrospective,1
piquet,1
consequential,1
shameless,1
intimidate,1
owns,1
captivated,1
speaker,1
eccentric,1
appearances,1
47,1
taller,1
ill-tempered,1
insinuating,1
accurate,1
dose,1
advertised,1
laurel,1
chaperon,1
warrant,1
clouded,1
acceding,1
intimates,1
glazing,1
sized,1
therein,1
shed,1
shew,1
redress,1
objected,1
imperfectly,1
prohibited,1
misrepresentation,1
refuge,1
recognized,1
vulgarity,1
additions,1
crushing,1
nobodys,1
ear,1
sufferer,1
heiress,1
unsocial,1
superlatively,1
half-opened,1
disposing,1
deter,1
expence,1
straws,1
consists,1
bestowing,1
calculate,1
boundless,1
nourishes,1
rescue,1
void,1
agitations,1
chamberlayne,1
enhance,1
graces,1
favoured,1
farmhouse,1
lustre,1
worthlessness,1
hatefully,1
spokesman,1
net,1
deemed,1
repugnance,1
second-hand,1
unexampled,1
monosyllable,1
permit,1
reckoned,1
guests,1
overhear,1
remainder,1
ward,1
gossiping,1
unmarked,1
fresher,1
assent,1
unpretending,1
degenerate,1
masterly,1
colds,1
desponding,1
vicious,1
maintain,1
foresaw,1
imperturbably,1
frisks,1
cautiousness,1
sleepless,1
mistrust,1
calmly,1
successively,1
principles,1
hushed,1
content,1
undeserved,1
resume,1
half-a-mile,1
struggle,1
messages,1
enraged,1
rapturously,1
comforted,1
peculiarity,1
rashness,1
discompose,1
witnessing,1
requisite,1
congratulatory,1
equalled,1
preparation,1
boulanger,1
lingering,1
blamelessness,1
elevating,1
bewailed,1
tells,1
emptiness,1
communicative,1
impurities,1
breathed,1
annoyed,1
stepping,1
resisting,1
cleanse,1
folded,1
prepossessed,1
earl,1
fields,1
troop,1
market-town,1
imitate,1
alterations,1
blameless,1
interruptions,1
smirks,1
artificial,1
half-a-dozen,1
crayons,1
wears,1
vows,1
prudential,1
unallied,1
springs,1
apprehended,1
basis,1
blenheim,1
efficacy,1
strictures,1
regretted,1
exception,1
originate,1
seven,1
overspreading,1
im,1
splendour,1
entreating,1
characterise,1
declaring,1
bequest,1
warded,1
postponed,1
changes,1
inherit,1
resuming,1
wiser,1
verses,1
personages,1
facts,1
trimming,1
involuntary,1
cassino,1
fingering,1
theatre,1
stateliness,1
squeamish,1
leave-taking,1
intermarriage,1
influencing,1
starve,1
landing,1
failure,1
patched-up,1
minuteness,1
pretension,1
prevents,1
bounds,1
unvarying,1
untitled,1
exerting,1
venison,1
self-complacency,1
trepidation,1
alleviated,1
stoke,1
blushing,1
teeth,1
managed,1
invent,1
manager,1
abundant,1
anticipation,1
excellency,1
gentlewoman,1
talker,1
heres,1
filled,1
scampering,1
guardian,1
clerk,1
availed,1
french,1
environs,1
shift,1
suggestion,1
unpleasing,1
contradictions,1
surmount,1
hotels,1
liberal-minded,1
lieutenants,1
complaisant,1
lessened,1
asserting,1
mingled,1
sour,1
repressing,1
predict,1
pointedly,1
muslins,1
dishonourable,1
strikingly,1
destructive,1
relinquish,1
omen,1
chimney-piece,1
shoes,1
gradual,1
stability,1
argued,1
policy,1
truest,1
recommenced,1
impulses,1
christening,1
sarcastic,1
scolded,1
vogue,1
half-expectation,1
richly,1
actuated,1
demanding,1
bandbox,1
well-wisher,1
sounds,1
singling,1
slept,1
gaudy,1
11,1
10,1
13,1
12,1
15,1
14,1
17,1
16,1
19,1
18,1
gathering,1
topics,1
occupies,1
sermon-making,1
winding,1
sameness,1
bets,1
arguing,1
sheets,1
hardships,1
gracefully,1
deportment,1
jumped,1
stockings,1
iniquitous,1
elevate,1
drawings,1
corner,1
impunity,1
manoeuvre,1
black,1
muffin,1
exaggeration,1
unimportant,1
conjunction,1
finishing,1
country-town,1
implacability,1
declares,1
satisfying,1
repined,1
steadfast,1
ornament,1
whispered,1
august,1
parental,1
tacit,1
guardians,1
accusation,1
luckless,1
stretched,1
disliking,1
laudable,1
nose,1
stanzas,1
shopping,1
tractable,1
superintendence,1
love-making,1
vingt-un,1
sleeping,1
sprained,1
cluster,1
indelicate,1
struggling,1
dishonorable,1
jenkinsons,1
scorned,1
officiousness,1
amazes,1
diffident,1
sprang,1
housemaids,1
4,1
heavier,1
admitting,1
chamber,1
bewitched,1
fulfil,1
dale,1
hysterics,1
confirm,1
critical,1
custody,1
despicably,1
despicable,1
untamed,1
west,1
set-downs,1
contrariwise,1
imitated,1
spreading,1
coachmans,1
needlessly,1
romantic,1
arranges,1
netting,1
undiminished,1
importing,1
lifetime,1
fill,1
tedious,1
repent,1
coughing,1
tackle,1
consternation,1
starting,1
long-expected,1
invariable,1
bosoms,1
talks,1
allowances,1
inexhaustible,1
diffuse,1
elated,1
mild,1
benevolent,1
reminding,1
economically,1
infatuation,1
designedly,1
eloped,1
censuring,1
affable,1
creatures,1
tribute,1
indistinctly,1
puddles,1
inconsiderable,1
stretching,1
sofas,1
narrow,1
whimsical,1
self-imposed,1
sanction,1
establish,1
uniformity,1
cultivation,1
correspondents,1
achieving,1
purse,1
mankind,1
half-whisper,1
willfully,1
clergy,1
to-night,1
compare,1
breathing,1
construing,1
re-read,1
turnpikes,1
venting,1
stir,1
blacken,1
interpose,1
spurned,1
spiteful,1
ablution,1
mislead,1
displease,1
heartfelt,1
appeals,1
heirs,1
revenging,1
arrogant,1
24,1
25,1
26,1
27,1
20,1
21,1
22,1
23,1
28,1
29,1
resentments,1
disrespectful,1
noticing,1
oxford,1
prejudiced,1
mystery,1
celerity,1
rant,1
fluttered,1
evade,1
token,1
exquisite,1
seniority,1
harp,1
undervaluing,1
projected,1
flowed,1
fortitude,1
pathetic,1
backed,1
benefits,1
omit,1
disregarded,1
unacquainted,1
indulgent,1
revive,1
paint,1
regulation,1
lease,1
tremblings,1
prodigious,1
stirs,1
b,1
sedate,1
unusual,1
trifled,1
confirms,1
insufferably,1
refute,1
build,1
insufferable,1
godfather,1
services,1
incur,1
bromley,1
swelling,1
noblest,1
refusals,1
dividing,1
8,1
testifying,1
coughs,1
highflown,1
superseded,1
intimidated,1
lightness,1
chatsworth,1
reverse,1
well-doing,1
quarrelsome,1
humoured,1
simple,1
simply,1
asserted,1
rivals,1
resisted,1
unnecessarily,1
strictest,1
solid,1
eclipsed,1
indulging,1
cents,1
disbelieving,1
regulate,1
ached,1
leisurely,1
unalloyed,1
grown-up,1
forfeited,1
appertain,1
dishonesty,1
injuries,1
cup,1
alternate,1
studious,1
overtook,1
womanly,1
valueless,1
bid,1
irretrievable,1
blemish,1
glove,1
mediocrity,1
grossest,1
strongest,1
triumphing,1
hazarded,1
culprit,1
proficient,1
patient,1
hackneyed,1
inhumanity,1
implicitness,1
conciliatory,1
pollution,1
connubial,1
"friend,""lydia",1
errand,1
controverted,1
overpower,1
adjusting,1
delighting,1
calico,1
unreserve,1
twelvemonths,1
deprive,1
cure,1
denying,1
commonest,1
good-naturedly,1
lend,1
utterly,1
desert,1
implies,1
sore,1
implied,1
repinings,1
arrange,1
recreation,1
respectful,1
profligacy,1
clarkes,1
rivers,1
exuberant,1
fat,1
mortifications,1
justification,1
packing,1
licentiousness,1
dissuade,1
archness,1
implicit,1
38,1
32,1
31,1
30,1
37,1
36,1
35,1
34,1
courting,1
named,1
sermon,1
contrariety,1
butler,1
prized,1
dispirited,1
endurable,1
trait,1
train,1
prizes,1
duped,1
inclinations,1
simpered,1
obvious,1
hard-heartedness,1
reanimated,1
proportions,1
sweetest-tempered,1
annexed,1
friendlier,1
correspond,1
trembling,1
disarm,1
nasty,1
stepped,1
cutting,1
february,1
slacken,1
warned,1
morris,1
ungovernable,1
histories,1
joness,1
repress,1
wearisome,1
backwards,1
qualification,1
retain,1
grieving,1
south,1
predominate,1
improvements,1
commendations,1
ancient,1
intermediate,1
agonies,1
acquire,1
perforce,1
vouchsafed,1
expences,1
counteract,1
compensation,1
circumspect,1
dictate,1
throat,1
keener,1
venturing,1
mix,1
edward-street,1
disappointments,1
sally,1
payment,1
afresh,1
heartening,1
improprieties,1
rebuke,1
inspiring,1
pleasantest,1
regularly,1
exceptional,1
racked,1
refrained,1
brittle,1
clearing,1
purses,1
encamped,1
firmness,1
exclaim,1
conquered,1
pouring,1
gaze,1
devoting,1
warwick,1
copied,1
welcoming,1
promoted,1
ensuing,1
handwriting,1
carved,1
arrangements,1
watchful,1
allurements,1
brightened,1
well-grown,1
novels,1
reporting,1
invitations,1
position,1
insipidity,1
surpass,1
tea-things,1
dissuaded,1
discreditable,1
good-will,1
audible,1
italian,1
stuffy,1
esq,1
kympton,1
regain,1
annes,1
pools,1
although,1
well-informed,1
serviceable,1
15th,1
coachman,1
ridge,1
rushed,1
sequel,1
contemptuously,1
embargo,1
stratagems,1
glory,1
dangerous,1
"lizzy,""i",1
periods,1
dawson,1
unintelligible,1
48,1
49,1
46,1
44,1
45,1
42,1
43,1
40,1
41,1
dresses,1
self-destined,1
philips,1
augmented,1
synonymously,1
hating,1
informality,1
dispense,1
gratification,1
frailty,1
vastly,1
fireplace,1
empty-headed,1
guiding,1
harriet,1
construed,1
feathers,1
louder,1
estimated,1
half-past,1
shortness,1
paining,1
proportioned,1
verdure,1
sympathise,1
lessening,1
tradesman,1
barbarous,1
acceded,1
broad-faced,1
mess,1
jumping,1
amid,1
executed,1
interpretation,1
expects,1
unsubdued,1
hypocrisy,1
nightcap,1
blots,1
echo,1
obligingly,1
filling,1
victory,1
wantonly,1
practising,1
unabashed,1
repining,1
hang,1
formation,1
aspire,1
rang,1
awoke,1
revival,1
top,1
curtains,1
illiterate,1
indiscreet,1
griefs,1
ankle,1
perseveringly,1
frankly,1
final,1
handkerchief,1
eloping,1
advising,1
rapacity,1
propitious,1
inured,1
plenty,1
philosophic,1
constancy,1
orderly,1
inspire,1
pope,1
dupe,1
earth,1
adoration,1
dullness,1
borrowed,1
goulding,1
overbearing,1
penance,1
submitted,1
accede,1
capacity,1
mud,1
wear,1
ill-success,1
blasted,1
subjoin,1
mildly,1
variance,1
confide,1
comprehension,1
discontentedness,1
levelled,1
insisted,1
hearth,1
possessed,1
alarms,1
possesses,1
appease,1
resigning,1
vices,1
explanatory,1
breakfasted,1
hermitage,1
advances,1
59,1
burnt,1
58,1
gift,1
55,1
57,1
56,1
dishonest,1
50,1
52,1
54,1
51,1
successfully,1
proudly,1
53,1
permitted,1
nothings,1
misleading,1
sept,1
uncontrolled,1
rely,1
personage,1
gig,1
indispensably,1
partridges,1
heal,1
differences,1
26th,1
sustained,1
trim,1
silliest,1
papers,1
nods,1
dullest,1
vigorously,1
remarked,1
undoubted,1
unprincipled,1
premeditated,1
protest,1
abhorrent,1
discovering,1
unavoidably,1
cook,1
sighed,1
impressive,1
injunction,1
port,1
substitute,1
irritated,1
constitution,1
servility,1
amounting,1
requited,1
supplying,1
supercilious,1
healthy,1
moralize,1
connivance,1
bribery,1
swallowed,1
sports,1
dismay,1
deservedly,1
performer,1
nursing,1
mismanagement,1
1,1
begs,1
professing,1
rites,1
respective,1
informs,1
sedateness,1
lamented,1
sonnet,1
furnished,1
undervalued,1
dreading,1
condescendingly,1
conversations,1
bound,1
bath,1
term,1
possibilities,1
subjection,1
trunks,1
catching,1
kenilworth,1
ultimately,1
profit,1
overflowing,1
ill-breeding,1
sennight,1
motion,1
retreating,1
childhood,1
suspend,1
fetched,1
unstudied,1
persuasions,1
bounty,1
legally,1
hug,1
tempers,1
reverie,1
circulated,1
inexpressible,1
inexpressibly,1
seminaries,1
commissioning,1
narrow-minded,1
emphasis,1
clearer,1
heinous,1
quantity,1
cheat,1
cheap,1
hack,1
self-attracted,1
gulf,1
lighted,1
savours,1
hedge,1
closure,1
regarding,1
jokes,1
imposing,1
replies,1
asperity,1
detect,1
subsequent,1
circulating,1
fearless,1
good-looking,1
intrepidity,1
pens,1
harshly,1
61,1
forbearing,1
bequeathed,1
ostentation,1
nothingness,1
shops,1
couples,1
someone,1
marys,1
unqualified,1
ragout,1
weep,1
weakened,1
relied,1
bodies,1
blow,1
nectarines,1
conversible,1
oddly,1
joking,1
shillings,1
legal,1
mutually,1
cambridge,1
cambric,1
lastly,1
refinements,1
strictly,1
forbade,1
preside,1
decamping,1
grasp,1
frighted,1
frighten,1
britain,1
5,1
heavy-looking,1
contradicted,1
requester,1
unanswerable,1
backward,1
calls,1
uglier,1
apparel,1
tanned,1
lace,1
unmoved,1
meditation,1
everyones,1
decisions,1
subsided,1
piqued,1
belonging,1
equivocal,1
sons,1
treating,1
undone,1
employing,1
invention,1
eminent,1
multitude,1
eligibility,1
graciousness,1
thankfully,1
screens,1
impolitic,1
snug,1
denominated,1
flat,1
darting,1
last-born,1
exigence,1
presumed,1
unblemished,1
illustrious,1
ineffectual,1
joints,1
duets,1
imitation,1
influenced,1
half-year,1
desperation,1
respectable-looking,1
extinguished,1
acknowledging,1
weaknesses,1
replete,1
artful,1
retaliate,1
september,1
essence,1
avenue,1
eluded,1
milliners,1
self-willed,1
alter,1
generously,1
repulsed,1
stiles,1
prettyish,1
residing,1
generation,1
colder,1
duchess,1
disquiet,1
congenial,1
friday,1
circuit,1
shrewish,1
fourthly,1
feet,1
finances,1
store,1
attendants,1
treasured,1
hotel,1
fidget,1
doubly,1
insulted,1
clements,1
tongues,1
suspicious,1
glen,1
imitations,1
reckon,1
miserly,1
enduring,1
dissolved,1
coincided,1
lying,1
journeys,1
inflexibly,1
costing,1
palliation,1
abiding,1
windings,1
meditations,1
avarice,1
deaden,1
prettier-coloured,1
mischievously,1
invectives,1
defense,1
bare,1
forlorn,1
drooping,1
deserted,1
corruption,1
lamenting,1
overset,1
finds,1
nettled,1
regulated,1
latterly,1
precision,1
heighten,1
conception,1
expressly,1
impassable,1
ungraciousness,1
chestnuts,1
parading,1
9,1
concise,1
meanest,1
corroborated,1
confederacy,1
complaint,1
self-sufficiency,1
separately,1
uproar,1
hinted,1
disinclined,1
selfishness,1
rectitude,1
porridge,1
jumps,1
strongly-marked,1
hatred,1
womens,1
oakham,1
heedless,1
persevering,1
impressed,1
acquiesce,1
prettier,1
oddities,1
forbidding,1
junior,1
tempered,1
allayed,1
grouped,1
dictating,1
housekeepers,1
rightful,1
suffers,1
reproaches,1
narrative,1
weighty,1
edw,1
instantaneous,1
languages,1
include,1
bedrooms,1
drinking,1
indecorum,1
disclaimed,1
notes,1
unwearying,1
universities,1
appeased,1
discontinuance,1
explore,1
survivor,1
shades,1
ensign,1
apt,1
unequally,1
detail,1
overhearings,1
faultless,1
distractedly,1
topic,1
augment,1
fortunes,1
anywhere,1
calculation,1
condescend,1
counting,1
nearness,1
unquestionably,1
unnaturally,1
seconding,1
supplication,1
irregularity,1
a-shooting,1
suiting,1
obeisance,1
wilderness,1
permanent,1
impressing,1
negligent,1
ambition,1
successor,1
footstool,1
bills,1
ill-consequences,1
cry,1
unshaken,1
doubled,1
disinterestedness,1
performs,1
disclose,1
york,1
anyhow,1
tenant,1
hence,1
biting,1
enormity,1
missish,1
uniting,1
inmate,1
reflecting,1
july,1
dispelling,1
elope,1
outstrip,1
atoned,1
admittance,1
divert,1
retrospections,1
unacknowledged,1
mistook,1
chances,1
artfully,1
chicken,1
chanced,1
local,1
spur,1
deceives,1
generations,1
merits,1
closer,1
closet,1
combated,1
jot,1
one-and-twenty,1
april,1
grain,1
enlarging,1
butchers,1
liverpool,1
proudest,1
scrutiny,1
painter,1
eyelashes,1
persevered,1
barely,1
disapprove,1
enumeration,1
member,1
retailing,1
exuberance,1
largest,1
gets,1
lobby,1
brooking,1
fighting,1
tithes,1
undertaken,1
realised,1
disturbance,1
expedite,1
susceptibility,1
safest,1
perpetual,1
loser,1
overtures,1
smoothly,1
searching,1
growth,1
philosopher,1
metcalfs,1
trout,1
curtseyed,1
obey,1
threats,1
outstripped,1
individually,1
strangeness,1
newly-born,1
faithfully,1
wickedest,1
extort,1
ensigncy,1
recede,1
cake,1
stirring,1
unfolding,1
humbling,1
inadequate,1
horsewoman,1
naming,1
disobliging,1
importuned,1
sloping,1
withstood,1
kinds,1
earthly,1
incurred,1
alienated,1
insipid,1
jewel,1
sleeves,1
sash,1
