word,frequency
the,3166
of,2355
and,2300
to,2237
her,1562
a,1534
i,1285
in,1258
was,1107
it,1099
she,1097
not,972
you,918
that,798
be,795
for,723
had,703
as,683
with,662
but,588
he,543
is,526
his,525
at,513
have,488
so,473
by,472
catherine,428
on,409
they,382
very,379
could,364
all,347
my,346
no,345
which,331
were,312
would,309
from,292
this,290
been,287
him,281
what,266
an,263
do,251
or,245
their,238
such,230
are,227
them,225
will,220
me,216
your,212
there,209
only,208
am,205
if,205
miss,205
one,204
more,198
tilney,196
must,190
said,180
when,178
mrs,175
any,171
much,170
than,170
being,165
now,163
did,162
we,161
mr,160
well,159
how,157
never,157
some,152
should,149
time,148
know,148
before,145
herself,138
might,138
think,136
own,135
can,134
isabella,131
general,130
every,130
into,127
thorpe,126
morland,125
who,123
though,120
out,119
allen,116
after,116
good,116
about,115
other,114
say,113
nothing,112
without,111
most,110
go,109
then,107
young,104
first,103
too,103
little,102
brother,101
its,101
thought,100
however,99
sure,98
henry,98
great,97
friend,95
soon,93
has,92
room,92
up,91
away,90
indeed,90
day,90
like,90
again,89
made,89
here,88
see,88
dear,88
may,88
man,88
quite,87
always,87
upon,87
two,86
shall,85
bath,83
having,82
oh,78
ever,76
moment,76
even,75
long,75
last,73
heart,72
make,72
yes,71
way,70
seemed,69
just,69
cannot,68
eleanor,68
perhaps,68
world,67
anything,67
father,66
over,66
look,65
us,63
give,63
mind,62
family,61
morning,61
saw,60
half,60
yet,60
down,60
till,60
almost,60
off,59
another,59
enough,59
house,59
catherines,59
place,59
hope,58
home,58
felt,58
come,58
few,57
better,56
hour,56
something,56
wish,55
going,55
many,54
nor,54
himself,54
three,54
same,54
looked,54
james,52
where,51
passed,51
minutes,51
feelings,51
still,50
these,50
believe,50
while,49
friends,49
left,49
through,49
kind,49
walk,49
acquaintance,48
our,48
people,47
take,47
pleasure,47
really,46
part,46
back,46
each,46
everything,46
happy,45
sister,45
read,45
thing,45
tilneys,45
rest,44
found,44
evening,44
short,44
whom,44
life,43
love,43
door,43
once,43
together,42
new,42
eyes,42
least,42
street,42
came,41
within,40
tell,40
suppose,40
get,40
between,39
went,39
done,39
far,39
rather,39
men,38
set,38
spirits,38
heard,38
why,38
letter,37
whole,37
next,37
less,37
does,37
told,37
john,37
often,37
either,37
mother,37
longer,37
ten,37
happiness,37
therefore,36
speak,36
certainly,36
directly,36
side,36
hardly,36
abbey,36
present,36
let,35
lady,35
able,35
seen,35
subject,35
those,35
gone,34
hours,34
dance,34
since,34
immediately,34
northanger,34
woman,34
thorpes,34
old,33
knew,33
put,33
towards,33
began,33
allens,33
return,33
hand,32
means,32
agreeable,32
neither,32
point,32
end,32
took,32
chapter,32
glad,32
whether,32
possible,31
daughter,31
party,31
entered,31
eye,31
account,31
head,31
given,31
things,30
walked,30
pretty,30
scarcely,30
seeing,30
understand,30
themselves,30
words,30
leave,29
open,29
dare,29
opinion,29
rooms,29
brothers,29
morlands,29
exactly,29
whose,29
comfort,29
feel,29
because,29
looking,28
engagement,28
doubt,28
poor,28
entirely,28
beyond,28
five,28
captain,28
met,28
fine,28
fullerton,28
attention,28
cried,28
four,27
nature,27
years,27
turned,27
else,27
sorry,27
against,27
round,27
girl,27
obliged,27
others,27
already,27
myself,27
ladies,27
known,27
expect,27
country,26
right,26
gentleman,26
different,26
days,26
henrys,26
called,26
brought,25
mean,25
returned,25
replied,25
isabellas,25
delightful,25
notice,25
real,25
fathers,25
carriage,25
idea,25
partner,25
got,25
hear,25
view,25
drive,24
handsome,24
received,24
horse,24
both,24
generals,24
affection,24
find,24
common,24
appearance,24
gave,24
name,24
anybody,24
best,23
ease,23
large,23
creature,23
pump-room,23
manner,23
charming,23
perfectly,23
appeared,23
interest,23
deal,23
wonder,23
coming,23
under,23
expected,23
conversation,23
want,22
object,22
son,22
engaged,22
power,22
surprise,22
sometimes,22
continued,22
yourself,22
impossible,22
struck,22
answer,22
talked,22
ready,22
everybody,22
meet,22
alarm,22
character,22
miles,22
further,22
wished,22
strange,22
added,22
course,21
company,21
sight,21
taken,21
care,21
curiosity,21
matter,21
near,21
children,21
woodston,21
sisters,21
sir,21
doors,20
alone,20
situation,20
odd,20
word,20
night,20
fortune,20
ought,20
used,20
journey,20
use,20
taste,20
question,20
dearest,20
saying,19
believed,19
smile,19
determined,19
anxious,19
doing,19
aware,19
air,19
remember,19
thinking,19
equally,19
visit,19
talk,19
sudden,19
money,19
twenty,19
dancing,19
equal,19
voice,19
settled,19
admiration,19
fond,19
arm,19
wishes,19
afraid,19
second,18
spoke,18
person,18
asked,18
gown,18
instantly,18
sat,18
small,18
past,18
sense,18
udolpho,18
loved,18
stay,18
behind,18
countenance,18
itself,18
forward,18
greater,18
assure,18
wanted,18
bed,18
friendship,18
fancy,18
finding,18
tired,17
full,17
allow,17
moments,17
consent,17
satisfied,17
remained,17
early,17
silence,17
heroine,17
turning,17
mine,17
supposed,17
particularly,17
giving,17
occasion,17
talking,17
distress,17
instead,17
light,17
thus,17
surprised,16
high,16
face,16
length,16
explanation,16
promised,16
apartment,16
write,16
concern,16
greatly,16
ask,16
reason,16
oclock,16
cause,16
gallery,16
call,16
amazingly,16
among,16
particular,16
sit,16
closed,16
circumstances,15
desire,15
along,15
allowed,15
business,15
perfect,15
true,15
servant,15
tomorrow,15
absence,15
nay,15
times,15
close,15
likely,15
delight,15
thoughts,15
making,15
thank,15
companion,15
late,15
smallest,15
meeting,15
hoped,15
praise,15
introduced,15
conduct,15
spite,15
says,15
attended,15
turn,15
state,15
book,15
fair,14
vain,14
thousand,14
former,14
hughes,14
followed,14
work,14
ill,14
delighted,14
appear,14
window,14
year,14
hurry,14
heavens,14
whatever,14
weeks,14
seem,14
disappointment,14
drawing-room,14
purpose,14
ashamed,14
kindness,14
knowledge,14
madam,14
pride,14
london,14
greatest,14
pulteney,14
expectation,14
stand,14
convinced,14
affectionate,14
eleanors,13
wrong,13
feeling,13
altogether,13
easy,13
raised,13
choice,13
minute,13
address,13
angry,13
natural,13
agitation,13
eager,13
ago,13
age,13
fresh,13
led,13
consideration,13
occurred,13
listened,13
forth,13
latter,13
beloved,13
change,13
twelve,13
dreadful,13
during,13
probably,13
manners,13
sake,13
need,13
importance,13
mistaken,13
lost,13
answered,13
imagination,13
walls,13
oxford,13
pleasant,13
nobody,13
parted,13
excellent,13
sitting,13
prevented,13
pray,13
consequence,13
became,13
degree,13
sort,13
six,13
honour,12
quarter,12
besides,12
tears,12
certain,12
beautiful,12
attentions,12
expressed,12
truth,12
rising,12
ball,12
monday,12
worth,12
lay,12
safe,12
notion,12
kept,12
hurried,12
caught,12
building,12
usual,12
effect,12
drew,12
distance,12
anxiety,12
opportunity,12
yours,12
attached,12
speaking,12
haste,12
pain,12
astonishment,12
mothers,12
easily,12
circumstance,12
spent,12
disappointed,12
attachment,12
leisure,12
fixed,12
plain,12
hair,12
hearing,12
parting,12
watch,12
judge,12
week,12
suddenly,12
women,12
looks,12
pleased,12
promise,12
wind,11
assured,11
listen,11
heartily,11
crowd,11
future,11
consider,11
joined,11
pass,11
dress,11
information,11
marriage,11
inclination,11
delay,11
books,11
command,11
gained,11
above,11
staircase,11
whenever,11
death,11
strong,11
milsom,11
blush,11
hundred,11
signify,11
loss,11
arrived,11
observation,11
proceeded,11
particulars,11
declared,11
acquainted,11
forget,11
difficulty,11
courage,11
simple,11
buildings,11
comfortable,11
judgment,11
keep,11
evil,11
ran,11
trust,11
shortly,11
dinner,11
advantage,11
quick,11
figure,11
afterwards,11
spirit,11
case,11
behaviour,11
thrown,11
windows,11
learnt,11
sweet,11
village,11
income,11
fearful,11
earnestly,11
clifton,11
secret,11
happen,11
beauty,10
rich,10
matters,10
understanding,10
spoken,10
folly,10
walking,10
formed,10
dark,10
resentment,10
castle,10
number,10
lock,10
painful,10
affected,10
forced,10
applied,10
rain,10
frederick,10
muslin,10
hastily,10
breakfast,10
gentlemen,10
uneasy,10
conviction,10
help,10
stopped,10
grew,10
lived,10
nonsense,10
fears,10
following,10
danger,10
hands,10
wishing,10
tuesday,10
sweetest,10
attempt,10
third,10
persuade,10
stop,10
bad,10
ignorance,10
soul,10
theatre,10
show,10
reading,10
sound,10
road,10
difference,10
stood,10
town,10
disposition,10
beginning,10
hopes,10
wholly,10
proof,10
lamp,10
reached,10
bear,10
progress,10
otherwise,10
novels,10
resolved,10
driving,10
habit,10
proposed,10
intimacy,10
arrival,10
agitated,10
england,10
regard,10
cabinet,10
wife,10
style,10
intelligence,10
daughters,10
tenderness,10
waiting,10
getting,10
respect,10
hall,10
weather,10
volume,10
lord,9
wednesday,9
support,9
positive,9
afford,9
disagreeable,9
emotion,9
observe,9
clock,9
play,9
sex,9
fire,9
confidence,9
produced,9
perceiving,9
meant,9
naturally,9
seated,9
observed,9
miserable,9
becoming,9
horses,9
welcome,9
regret,9
cold,9
silent,9
forever,9
inquiry,9
nine,9
safety,9
dirt,9
scheme,9
clear,9
horrid,9
smiled,9
felicity,9
written,9
agreed,9
necessary,9
lose,9
girls,9
chest,9
human,9
amiable,9
eldest,9
depend,9
unpleasant,9
suffered,9
interesting,9
especially,9
sensible,9
speech,9
chamber,9
broken,9
fellow,9
important,9
resolution,9
favourable,9
remain,9
danced,9
favourite,9
uncomfortable,9
chief,9
unless,9
eight,9
join,9
description,9
acknowledged,9
aloud,9
writing,9
twice,9
hearts,9
remarkable,9
passage,9
reply,9
humour,9
today,9
secured,9
satisfaction,9
except,9
furniture,9
table,9
worse,9
civility,9
nice,9
ended,9
conveyed,9
eagerness,9
eagerly,8
hat,8
proved,8
prevent,8
admired,8
opposite,8
immediate,8
compliment,8
knowing,8
considerable,8
influence,8
concerned,8
marry,8
receive,8
makes,8
false,8
pause,8
letters,8
placed,8
variety,8
secure,8
highly,8
glance,8
scenes,8
trouble,8
satisfy,8
opened,8
ground,8
husband,8
prettiest,8
learning,8
enjoyment,8
passing,8
pounds,8
fell,8
offended,8
history,8
meanwhile,8
famous,8
utmost,8
curricle,8
mentioned,8
torment,8
affair,8
journal,8
persuaded,8
eat,8
features,8
explain,8
consciousness,8
vanity,8
frightened,8
form,8
temper,8
box,8
shake,8
sooner,8
living,8
corner,8
black,8
nearly,8
across,8
expressions,8
readily,8
please,8
folding,8
constant,8
objects,8
pleasing,8
trifling,8
mention,8
ancient,8
instant,8
taking,8
proper,8
female,8
repeated,8
edgars,8
enter,8
several,8
presence,8
happened,8
intended,8
quiet,8
extraordinary,8
proceed,8
chiefly,8
jamess,8
dared,8
impatient,8
leaving,8
indulged,8
hitherto,8
fear,8
joy,8
wild,8
encouragement,8
explained,7
solicitude,7
offer,7
roll,7
chair,7
falling,7
entering,7
bright,7
single,7
around,7
lively,7
endeavouring,7
watched,7
keeping,7
learn,7
smiling,7
shocking,7
upstairs,7
imagine,7
guess,7
preparing,7
connection,7
necessity,7
d,7
likewise,7
sent,7
garden,7
standing,7
manuscript,7
gentle,7
fact,7
colour,7
avoid,7
chance,7
wore,7
accompany,7
strength,7
terms,7
gratitude,7
duties,7
absent,7
discover,7
live,7
honest,7
message,7
drove,7
size,7
begin,7
fifty,7
seldom,7
noble,7
generally,7
offence,7
apartments,7
prepare,7
low,7
moved,7
tried,7
dread,7
darted,7
probable,7
lips,7
objection,7
cheerful,7
recollected,7
beg,7
connected,7
understood,7
addition,7
reflection,7
portion,7
force,7
credit,7
warm,7
taught,7
modern,7
maria,7
shame,7
dignity,7
died,7
contented,7
frequent,7
stupid,7
seat,7
offered,7
moreover,7
violence,7
lodgings,7
share,7
heroines,7
hard,7
compliments,7
prepared,7
remark,7
chaise,7
request,7
ah,7
finished,7
authority,7
sleep,7
hate,7
suspected,7
expectations,7
vexed,7
characters,7
advanced,7
escape,7
younger,7
charge,7
guilty,7
succeeded,7
propriety,7
motion,7
direction,7
events,7
driven,7
seems,7
tea,7
knows,7
departure,7
reach,7
lower,7
anne,7
fast,7
concluded,7
distressed,7
examination,7
attend,7
impatience,7
ones,7
married,7
genius,7
grandeur,7
recollection,7
hold,6
fortnight,6
marrying,6
worked,6
anger,6
trusted,6
fredericks,6
good-natured,6
winter,6
divided,6
wanting,6
pages,6
merit,6
hastened,6
thinks,6
intimate,6
dirty,6
carriages,6
beheld,6
refuse,6
paper,6
warmly,6
indifference,6
admire,6
pale,6
behave,6
fifteen,6
eleven,6
balls,6
disposed,6
travelled,6
pity,6
drawing,6
increased,6
blaize,6
green,6
order,6
forty,6
subjects,6
grave,6
fitted,6
yielded,6
happiest,6
drawn,6
tone,6
property,6
mistake,6
repose,6
security,6
accordingly,6
terror,6
perceived,6
upper,6
trial,6
acknowledge,6
complexion,6
somebody,6
start,6
politeness,6
cottage,6
mysterious,6
heavy,6
event,6
probability,6
described,6
wet,6
run,6
step,6
properly,6
required,6
addressed,6
wit,6
remains,6
spared,6
slowly,6
novel,6
seriously,6
waited,6
points,6
visitor,6
uneasiness,6
unworthy,6
decided,6
threw,6
seven,6
supposing,6
partiality,6
apology,6
bow,6
merely,6
aye,6
sunday,6
persuasion,6
pointed,6
language,6
carry,6
anyone,6
answering,6
alarming,6
whispered,6
considering,6
pay,6
running,6
examine,6
returning,6
search,6
handsomely,6
none,6
harm,6
unhappy,6
tender,6
source,6
candle,6
remembered,6
continuing,6
directed,6
exercise,6
private,6
difficulties,6
injured,6
slight,6
whisper,6
enjoy,6
patience,6
saturday,6
god,6
public,6
wear,6
fault,6
gig,6
removed,6
suspicions,6
faithful,6
longed,6
months,6
fourth,6
begun,6
ideas,6
violent,6
rose,6
quitting,6
follow,6
awful,6
rate,6
sun,6
andrews,6
dine,6
double,6
nights,6
improper,6
endeavour,6
seized,6
sentiment,6
merits,6
embarrassment,6
raise,6
carried,6
error,5
hers,5
strike,5
hurt,5
endeavoured,5
wine,5
fit,5
striking,5
blushed,5
encourage,5
master,5
busy,5
increasing,5
fairly,5
guineas,5
gloomy,5
spot,5
neighbourhood,5
possibility,5
addressing,5
expression,5
wants,5
prior,5
passages,5
cheerfulness,5
expedient,5
plan,5
closely,5
pleasures,5
improved,5
readers,5
spring,5
line,5
oblige,5
gloucestershire,5
partial,5
dislike,5
enclosed,5
engage,5
shut,5
scene,5
behaved,5
bring,5
soothing,5
generous,5
passion,5
stage,5
society,5
inn,5
lately,5
neighbours,5
worn,5
arch,5
break,5
reasonable,5
powers,5
excite,5
independent,5
humble,5
impertinent,5
born,5
misled,5
asking,5
guessed,5
interested,5
bestowed,5
supported,5
assistance,5
entrance,5
introduce,5
shown,5
increase,5
stuff,5
chose,5
steady,5
burst,5
informed,5
severe,5
improvement,5
listening,5
ceased,5
horror,5
heaven,5
conscience,5
darkness,5
broke,5
drink,5
heroic,5
kindly,5
crescent,5
lid,5
forgotten,5
liked,5
belong,5
remaining,5
abroad,5
ordered,5
smiles,5
ignorant,5
plays,5
cheeks,5
wonderful,5
stout,5
attending,5
completely,5
instance,5
awe,5
places,5
hurrying,5
key,5
quiz,5
dressed,5
indignation,5
pardon,5
personal,5
luck,5
forgot,5
mistress,5
loud,5
peculiar,5
reference,5
approbation,5
sentence,5
dead,5
unexpected,5
favour,5
suspect,5
wait,5
useful,5
france,5
effort,5
roused,5
capable,5
sincere,5
sprang,5
voluntarily,5
mortification,5
tease,5
downstairs,5
deep,5
misery,5
blood,5
pains,5
declare,5
goodwill,5
reflections,5
joining,5
depended,5
express,5
feared,5
cruelty,5
discourse,5
yesterday,5
spend,5
bid,5
foolish,5
peculiarly,5
remembrance,5
hint,5
flattering,5
finest,5
lover,5
calling,5
laugh,5
exceedingly,5
domestic,5
works,5
worthy,5
actual,5
buy,5
softened,5
solemn,5
entertained,5
top,5
thoroughly,5
elegance,5
laughed,5
incapable,5
whomsoever,5
situations,5
anxiously,5
approach,5
discovery,5
comprehension,5
apprehension,5
offices,5
composure,5
tis,5
setting,5
catching,5
gives,5
alas,5
confessed,5
suspense,5
clearer,5
believing,5
accepted,5
provided,5
communication,5
promote,5
serious,5
court,5
inquiries,5
health,5
leading,5
relieved,5
numerous,5
opposition,5
due,5
rid,5
peoples,5
moving,5
consolation,5
peace,5
meaning,5
desired,5
larger,5
clever,5
superior,5
deceived,5
bought,5
decent,5
employment,5
lead,5
dependence,5
conclusion,5
hero,4
civilities,4
females,4
caution,4
absolute,4
fidelity,4
borne,4
speedy,4
service,4
showed,4
idle,4
exclaimed,4
grove,4
fail,4
lansdown,4
accident,4
adventures,4
child,4
exertion,4
opinions,4
respectable,4
forming,4
humbled,4
effusions,4
uttered,4
pronounced,4
sigh,4
wherever,4
wondering,4
odious,4
valued,4
greatcoat,4
equipage,4
contained,4
sad,4
rained,4
fashionable,4
note,4
trembled,4
unkind,4
jumped,4
spare,4
joyful,4
joyfully,4
parties,4
dressing,4
tapestry,4
dismissed,4
hereafter,4
inquired,4
reproach,4
stairs,4
also,4
cry,4
acted,4
awake,4
pressed,4
recent,4
parents,4
demands,4
couple,4
suit,4
sides,4
amiss,4
gladly,4
procured,4
move,4
chosen,4
gently,4
stronger,4
principal,4
invited,4
quitted,4
whispering,4
poured,4
waste,4
excessively,4
pleasantly,4
government,4
mere,4
monument,4
veil,4
doubts,4
notions,4
protection,4
pursuit,4
obtained,4
total,4
sarah,4
ordinary,4
happily,4
contents,4
convenient,4
aunt,4
admiring,4
kitchen,4
families,4
adding,4
spread,4
honoured,4
post,4
considerations,4
grateful,4
turns,4
cost,4
perplexity,4
tempest,4
sincerely,4
sacrifice,4
produce,4
amusement,4
rational,4
receiving,4
gratified,4
justified,4
comes,4
cared,4
speed,4
innocence,4
forcing,4
doubted,4
skeleton,4
month,4
inspired,4
drawers,4
excuse,4
inconceivable,4
held,4
fool,4
surrounded,4
earliest,4
useless,4
performances,4
distressing,4
justice,4
trees,4
portrait,4
empty,4
recalled,4
pace,4
reads,4
grand,4
faith,4
dull,4
application,4
resolving,4
crossed,4
servants,4
mode,4
confess,4
seventeen,4
distinguished,4
intentions,4
envy,4
commendation,4
minds,4
senses,4
frequently,4
gain,4
cells,4
piece,4
recommend,4
roof,4
unpretending,4
breakfast-room,4
afforded,4
perceive,4
jealous,4
boasted,4
bold,4
afternoon,4
salisbury,4
blushing,4
daily,4
filled,4
wealth,4
rays,4
staying,4
deceive,4
views,4
careless,4
assurance,4
suspended,4
occupied,4
pained,4
judging,4
bottle,4
amazed,4
laughing,4
civilly,4
quietly,4
mornings,4
arranged,4
hated,4
sufferings,4
forbidden,4
sunk,4
emily,4
preserved,4
fall,4
creatures,4
ladys,4
compare,4
advice,4
existence,4
stepped,4
acting,4
park,4
youth,4
supply,4
dances,4
throughout,4
create,4
solicited,4
cut,4
excited,4
absolutely,4
ourselves,4
pen,4
aversion,4
exchange,4
names,4
noises,4
lecture,4
proposal,4
hyacinth,4
value,4
material,4
housekeeper,4
noise,4
measure,4
detain,4
conjecture,4
conceive,4
surrounding,4
represented,4
entreating,4
ventured,4
breathe,4
grief,4
estate,4
ceremony,4
quadrangle,4
heavenly,4
free,4
fashion,4
unaffected,4
farther,4
continually,4
news,4
quickly,4
uncommon,4
stopping,4
tolerably,4
contradict,4
hung,4
proudly,4
displeasure,4
efforts,4
civil,4
attempted,4
willingly,4
picture,4
discern,4
water,4
memory,4
riot,4
white,4
season,4
unfortunately,4
urge,4
considered,4
wood,4
voluntary,4
duty,4
insist,4
shops,4
someone,4
refusal,4
delicate,4
relief,4
justify,4
actions,4
acute,4
communicate,4
accounts,4
determine,4
amongst,4
discerned,4
sons,4
invention,4
hesitation,4
observing,4
solitude,4
wretched,4
wondered,4
forgive,4
relate,4
well-known,4
alike,4
succeed,4
advise,4
restraint,4
retired,4
speedily,4
tormented,4
frightful,4
repeatedly,4
perusal,4
explore,4
separation,4
anywhere,4
complaisance,4
parlour,4
parsonage,4
related,4
plainly,4
bonnet,4
dorothy,4
utter,4
nearer,4
highest,4
watching,4
opening,4
grounds,4
sufficient,4
gothic,4
difficult,4
approve,4
wealthy,4
intention,4
mutual,4
incredible,4
yellow,3
scold,3
meadows,3
substance,3
summons,3
glass,3
hot,3
heretofore,3
comprised,3
silver,3
misfortune,3
foundation,3
sheet,3
needed,3
radcliffes,3
endure,3
mens,3
release,3
hasten,3
result,3
extend,3
extent,3
union,3
played,3
intrusion,3
disagreement,3
steps,3
drummond,3
nicest,3
momentary,3
settle,3
lengthened,3
prefer,3
everywhere,3
pretend,3
evidently,3
date,3
st,3
solitary,3
torn,3
suspicion,3
nation,3
saving,3
convent,3
wandering,3
illness,3
massy,3
altered,3
unkindness,3
average,3
laws,3
cloak,3
guarded,3
gaiety,3
breath,3
putney,3
pacing,3
superiority,3
stone,3
act,3
agree,3
walks,3
conjectures,3
sensibility,3
weariness,3
accompanying,3
honourable,3
prevailed,3
method,3
experience,3
attendance,3
rudeness,3
rapidly,3
propose,3
assemblies,3
resolute,3
sensations,3
heads,3
guest,3
justly,3
swiftly,3
accepting,3
unequal,3
seize,3
fashions,3
gold,3
resent,3
lofty,3
approaching,3
poverty,3
bell,3
church,3
forgetting,3
mortifying,3
suffering,3
unwearied,3
concealed,3
occupy,3
impudent,3
concealment,3
fixing,3
idleness,3
occasional,3
phaeton,3
send,3
insolence,3
involved,3
thats,3
assuring,3
bent,3
animal,3
mysteries,3
doubtful,3
designs,3
surely,3
traveller,3
riding,3
wretchedness,3
lucky,3
preserve,3
historians,3
etc,3
romance,3
dust,3
clergyman,3
amendment,3
foretold,3
roads,3
disengaged,3
smooth,3
triumphant,3
compared,3
rule,3
saved,3
chapel,3
neat,3
separated,3
gentlemans,3
ere,3
indifferent,3
modesty,3
misconduct,3
endowments,3
somewhere,3
schemes,3
amazement,3
oppose,3
footsteps,3
thick,3
genuine,3
luxury,3
deeply,3
reserve,3
resemblance,3
old-fashioned,3
agreeableness,3
mamma,3
bore,3
profession,3
amidst,3
diligence,3
comprehending,3
inquiring,3
dying,3
polite,3
paces,3
horseback,3
appears,3
usually,3
breakfast-parlour,3
occur,3
trifle,3
vexation,3
space,3
invitation,3
checked,3
artless,3
flowers,3
angel,3
fifth,3
truly,3
concert,3
asleep,3
blame,3
cares,3
anxieties,3
touch,3
earnest,3
falsehood,3
duration,3
throw,3
boldly,3
commodious,3
drank,3
lot,3
coloured,3
streets,3
injury,3
dining-parlour,3
pushed,3
stayed,3
rude,3
actually,3
fully,3
unnatural,3
reflected,3
sentences,3
experienced,3
exhibiting,3
alteration,3
throwing,3
afflicted,3
distinguish,3
damp,3
coarse,3
composition,3
older,3
grossly,3
urgent,3
describing,3
measures,3
similar,3
surmise,3
pretended,3
william,3
behalf,3
telling,3
edifice,3
examining,3
congratulated,3
started,3
escaped,3
sought,3
sentiments,3
fatigue,3
thence,3
insensible,3
pitied,3
improving,3
horrors,3
adieu,3
partners,3
endless,3
dejected,3
spotted,3
accused,3
admit,3
quit,3
thanked,3
examined,3
distant,3
page,3
liking,3
proofs,3
rejoice,3
ear,3
church-yard,3
convenience,3
clothes,3
favoured,3
causeless,3
desirous,3
dry,3
suitable,3
cravats,3
unfixed,3
calm,3
expose,3
rights,3
involve,3
advancing,3
sleepless,3
reader,3
professions,3
somewhat,3
rattle,3
seek,3
discontent,3
retire,3
acquit,3
weary,3
parish,3
unfortunate,3
liberal,3
claims,3
performance,3
vaulted,3
undisturbed,3
syllable,3
jealousy,3
continuance,3
agreeing,3
restored,3
relieve,3
mild,3
fancies,3
accidentally,3
excellence,3
fearing,3
eating,3
french,3
growing,3
lords,3
maid,3
advance,3
placing,3
sounds,3
slept,3
winding,3
sameness,3
paid,3
shop,3
japan,3
parental,3
unusual,3
declaration,3
slumber,3
strain,3
movements,3
assist,3
totally,3
aspect,3
housemaids,3
expressing,3
moderate,3
fill,3
tedious,3
needful,3
tranquillity,3
elated,3
judicious,3
narrow,3
sanction,3
middle,3
pressing,3
sprigged,3
charms,3
deserted,3
playing,3
suffer,3
seeking,3
noticing,3
mystery,3
habits,3
engaging,3
fortitude,3
conducted,3
dont,3
treated,3
ages,3
built,3
gay,3
resisted,3
morrow,3
shape,3
openly,3
overtook,3
magnificent,3
ornaments,3
boys,3
possession,3
curl,3
calmness,3
papa,3
amused,3
ascertained,3
compose,3
literary,3
shock,3
assisted,3
sink,3
conceit,3
collection,3
lines,3
revived,3
willing,3
yard,3
south,3
embarrassed,3
sadly,3
acquiescence,3
visited,3
concerns,3
absurd,3
charles,3
regularly,3
beat,3
firmness,3
divisions,3
claimed,3
position,3
sister-in-law,3
bench,3
add,3
happens,3
coachman,3
childrens,3
wise,3
oak,3
detail,3
entreat,3
vastly,3
fireplace,3
ungenerous,3
direct,3
liberty,3
path,3
changed,3
ebony,3
delicacy,3
filling,3
independence,3
murder,3
kindest,3
handkerchief,3
disgust,3
resist,3
confusion,3
conference,3
catch,3
containing,3
suggest,3
detained,3
dearer,3
advances,3
apart,3
christmas,3
puzzle,3
papers,3
discovering,3
goes,3
ballroom,3
furnished,3
midnight,3
qualified,3
intercourse,3
origin,3
george,3
necessarily,3
exploring,3
generality,3
cheap,3
dreaded,3
ways,3
review,3
good-looking,3
resentful,3
author,3
injurious,3
persons,3
longing,3
reward,3
guided,3
blow,3
kingdom,3
unlooked-for,3
ill-timed,3
shillings,3
cursed,3
mischief,3
faster,3
politics,3
glimpse,3
removal,3
belonging,3
treating,3
laurentinas,3
thankfully,3
excursion,3
division,3
arise,3
influenced,3
extinguished,3
simplicity,3
slipped,3
insensibility,3
hill,3
induced,3
appearances,3
friday,3
fallen,3
story,3
breathless,3
storm,3
hotel,3
luckily,3
various,3
fate,3
parading,3
higher,3
try,3
cheek,3
abilities,3
intervals,3
counsel,3
range,3
gratifying,3
tetbury,3
allowing,3
obstinate,3
drinking,3
gaily,3
simpleton,3
confession,3
united,3
fortunate,3
camilla,3
choose,3
flew,3
affections,3
respects,3
strengthened,3
misunderstood,3
unaccountable,3
skinners,3
thousands,3
generations,3
cruel,3
english,3
sky,3
press,3
urged,3
good-bye,3
squeeze,3
selfish,3
below,3
goodness,3
sick,3
insipid,3
raining,2
woods,2
hanging,2
bringing,2
exclamations,2
unwillingness,2
successful,2
harmless,2
hole,2
accomplishment,2
pints,2
unjust,2
embellishments,2
specks,2
welcomed,2
kingsweston,2
admirably,2
fix,2
whip,2
millions,2
disturbed,2
instruct,2
legs,2
wisdom,2
positively,2
dozen,2
amusing,2
hereford,2
loitered,2
tempted,2
cousins,2
terrors,2
resigned,2
tyranny,2
demanded,2
mortified,2
confinement,2
contemplated,2
eighteen,2
tune,2
echoed,2
coldness,2
disguise,2
succeeding,2
good-humoured,2
possibly,2
occurring,2
pavement,2
effusion,2
bottom,2
losing,2
recollect,2
despair,2
slightly,2
match,2
beings,2
authorized,2
exist,2
protested,2
floor,2
circumstanced,2
intent,2
bustle,2
speculation,2
celebrated,2
studied,2
commonly,2
sonnets,2
virtue,2
originally,2
privy,2
pyrenees,2
varieties,2
conscious,2
consequently,2
pulled,2
incapacity,2
faults,2
stupidity,2
attraction,2
suspension,2
troubled,2
greatcoats,2
repaired,2
remainder,2
neglect,2
city,2
ridiculous,2
sophia,2
tasted,2
aside,2
remarks,2
gentleman-like,2
bade,2
imagined,2
uppermost,2
entreaties,2
dispute,2
rejoiced,2
mans,2
motives,2
enable,2
unsafe,2
pretence,2
defy,2
card-room,2
presumption,2
meat,2
satisfactory,2
cavity,2
image,2
complete,2
buying,2
flirt,2
tremble,2
incomprehensible,2
middling,2
tricks,2
impossibility,2
causes,2
paying,2
appointment,2
mammas,2
honourably,2
gouty,2
contrast,2
compliance,2
murdering,2
regiment,2
knocked,2
stated,2
lives,2
respective,2
footman,2
longtowns,2
flutter,2
locking,2
replies,2
symptoms,2
ruining,2
travelling,2
entire,2
begged,2
missed,2
darling,2
belief,2
definition,2
retained,2
arose,2
forwards,2
introduction,2
grace,2
bitter,2
sell,2
amusements,2
failed,2
beams,2
charmingly,2
frightening,2
belles,2
premises,2
renewed,2
thou,2
devil,2
treatment,2
firm,2
leaning,2
rules,2
regretting,2
mischance,2
conversing,2
imposed,2
continue,2
necessaries,2
irresistible,2
stables,2
exaggerated,2
appropriate,2
repaid,2
spending,2
exposed,2
submit,2
reconcile,2
graceful,2
scrape,2
retract,2
finery,2
carelessly,2
torture,2
race,2
richmond,2
nearest,2
gathered,2
feelingly,2
retreated,2
thin,2
coffin,2
purposes,2
pieces,2
bend,2
establishment,2
remonstrance,2
preferring,2
awkwardness,2
strewed,2
intelligent,2
beneath,2
traces,2
tother,2
deficiency,2
irritation,2
witness,2
dismissal,2
greedy,2
receding,2
owned,2
malady,2
anyones,2
tonight,2
trivial,2
familiar,2
thoughtlessness,2
injustice,2
bristol,2
strongly,2
wardrobes,2
immoderately,2
denial,2
concealing,2
lest,2
negligence,2
clocks,2
shuddered,2
nerves,2
accompanied,2
startled,2
detestable,2
evident,2
forests,2
lasted,2
desirable,2
rapid,2
oldest,2
compassion,2
announced,2
triumph,2
repetition,2
incompatible,2
consequent,2
consisting,2
study,2
angrily,2
thursday,2
insult,2
continual,2
refusing,2
inhabitants,2
agony,2
interview,2
fever,2
fan,2
penetration,2
bread,2
reasonably,2
transient,2
strangers,2
created,2
synonymous,2
observations,2
dogs,2
baronet,2
guilt,2
impelled,2
accounted,2
decidedly,2
enjoyed,2
hangings,2
preferred,2
exulting,2
dr,2
torrents,2
diffidence,2
unable,2
essentially,2
matrimony,2
excess,2
petty,2
dozens,2
attacked,2
concerning,2
gracious,2
aim,2
comparative,2
confirmed,2
descent,2
perform,2
descend,2
springing,2
thanks,2
openings,2
injuring,2
congratulate,2
purple,2
denied,2
beating,2
theirs,2
newspapers,2
affectedly,2
strangely,2
war,2
astonished,2
generosity,2
promises,2
digression,2
reality,2
unwilling,2
shrink,2
beds,2
soothed,2
mounted,2
dissatisfied,2
brown,2
oaks,2
appeal,2
sending,2
pillow,2
marked,2
wonderfully,2
intently,2
well-proportioned,2
attribute,2
paused,2
discussion,2
sagacity,2
dreadfully,2
correspondence,2
thankful,2
advantages,2
obligation,2
inevitable,2
card,2
contemplation,2
mostly,2
discernment,2
recover,2
terrific,2
price,2
billiard-room,2
discovered,2
fletcher,2
incivility,2
presentiments,2
emigrant,2
reluctantly,2
foreboding,2
disgrace,2
dangers,2
countless,2
trick,2
embrace,2
inquire,2
finish,2
fidgeted,2
valuable,2
benefit,2
assembly,2
sixty,2
handsomest,2
removing,2
trying,2
sadness,2
unwelcome,2
thither,2
snuffed,2
pointing,2
superciliousness,2
hodges,2
emotions,2
thickness,2
learned,2
trunk,2
frasers,2
takes,2
helped,2
propensities,2
firmly,2
foreseen,2
expecting,2
dream,2
foot,2
slighted,2
infer,2
restless,2
absurdity,2
ponderous,2
houses,2
antiquity,2
elder,2
bowed,2
flattery,2
lament,2
recovered,2
suddenness,2
lit,2
labour,2
comprehended,2
kitchen-garden,2
clean,2
unwillingly,2
flights,2
hardened,2
chimney,2
recommendations,2
pictured,2
unconscious,2
ranked,2
abruptly,2
unfolded,2
complied,2
collected,2
dialogue,2
costly,2
fickleness,2
unpromising,2
censure,2
flirts,2
distances,2
bearer,2
showing,2
game,2
dearly,2
success,2
provoking,2
dissatisfaction,2
consultation,2
manufacture,2
ecstasies,2
accustomed,2
everybodys,2
pamphlets,2
suite,2
friendly,2
maam,2
languor,2
completion,2
conceited,2
inattentive,2
ride,2
drops,2
withdrew,2
dressmaker,2
picturesque,2
arrangement,2
wiltshire,2
outer,2
sweets,2
placid,2
crossing,2
smart-looking,2
prevailing,2
separating,2
gallant,2
wick,2
keen,2
attach,2
unsuspicious,2
submitted,2
claim,2
constrained,2
astonishing,2
proceedings,2
enjoyments,2
employed,2
recollecting,2
ascended,2
gust,2
contain,2
pitch,2
desperate,2
interfere,2
precious,2
career,2
cordial,2
kings,2
corresponding,2
discouraged,2
endearing,2
amends,2
restore,2
mistakes,2
skill,2
ushered,2
unseen,2
dresses,2
library,2
broad,2
reaching,2
previously,2
additional,2
inconstancy,2
noticed,2
inner,2
cricket,2
delights,2
display,2
contest,2
refreshments,2
abhor,2
dissolution,2
protest,2
trodden,2
bestowing,2
teaching,2
void,2
affect,2
shrubberies,2
active,2
reckoned,2
phaetons,2
amazing,2
desponding,2
rise,2
fable,2
overcome,2
weakness,2
successively,2
principles,2
enclosure,2
velvet,2
bestow,2
dwelt,2
dwell,2
enabled,2
bitterness,2
sees,2
tells,2
supplied,2
stepping,2
ears,2
suggested,2
horsemen,2
distinction,2
height,2
puts,2
lovely,2
deeper,2
sunshine,2
argument,2
regretted,2
sly,2
splendour,2
jest,2
grown,2
entitled,2
facts,2
save,2
erected,2
unnecessary,2
arrivals,2
lies,2
carving,2
refined,2
minuteness,2
handed,2
peruse,2
laura,2
mile,2
skin,2
fancied,2
availed,2
detest,2
boy,2
environs,2
shift,2
plantations,2
fly,2
deceased,2
confused,2
drawer,2
justness,2
muslins,2
designed,2
tall,2
unconsciously,2
touching,2
grandison,2
earlier,2
dwelling,2
undoubtedly,2
venture,2
endangered,2
flattered,2
skinner,2
sheets,2
accession,2
treasure,2
storms,2
secondary,2
requesting,2
parent,2
maintained,2
importunate,2
devilish,2
residence,2
awakened,2
everyday,2
deference,2
accountable,2
gates,2
extensive,2
admitting,2
mob,2
fulfil,2
imprisonment,2
draw,2
confirm,2
instantaneously,2
lands,2
delineation,2
repent,2
shelter,2
represent,2
talks,2
enjoying,2
hideous,2
withheld,2
tribute,2
landed,2
stubborn,2
gravely,2
confirmation,2
narrowly,2
alps,2
orchard,2
crowded,2
displease,2
bosom,2
lovers,2
tiresome,2
embraces,2
instances,2
embraced,2
indulgent,2
needle,2
prodigious,2
contrary,2
trifles,2
orders,2
godfather,2
significant,2
detection,2
scattered,2
permission,2
oppress,2
solely,2
faithfully,2
attire,2
deferred,2
violently,2
italy,2
engrossed,2
motionless,2
withdraw,2
baronets,2
reproof,2
neatest,2
strongest,2
mirror,2
patient,2
errand,2
excused,2
excuses,2
accidental,2
desert,2
implied,2
presently,2
accuse,2
unsatisfied,2
uncomfortably,2
body,2
extreme,2
later,2
resolutions,2
earnestness,2
train,2
hints,2
closing,2
fetch,2
radcliffe,2
contempt,2
linen,2
cautions,2
pangs,2
gazing,2
apologize,2
defend,2
repress,2
messenger,2
approached,2
fourteen,2
improvements,2
owning,2
immovable,2
completed,2
unlikely,2
habitable,2
wits,2
sally,2
inferior,2
unprejudiced,2
sorrow,2
placidly,2
swallow,2
gaze,2
curtain,2
yesterdays,2
psha,2
respected,2
arrangements,2
untoward,2
recourse,2
seats,2
smart,2
elapsed,2
inviting,2
discretion,2
although,2
vivacity,2
serviceable,2
rendered,2
rushed,2
chatting,2
plague,2
moralizing,2
unintelligible,2
variation,2
hats,2
appetite,2
assembled,2
gratification,2
delightfully,2
harriet,2
infancy,2
blue,2
hide,2
hundreds,2
shortness,2
bed-chamber,2
ingenuity,2
attract,2
scolding,2
imaginable,2
demanding,2
unsteady,2
gloom,2
victory,2
sighing,2
sober,2
gowns,2
curtains,2
western,2
pope,2
mixture,2
wedding,2
undressed,2
liquor,2
disengage,2
mitchells,2
confident,2
speeches,2
sallow,2
tolerable,2
possessed,2
hearty,2
pitiful,2
humanity,2
scruple,2
appearing,2
beechen,2
rapidity,2
proceeding,2
companions,2
permitted,2
steadily,2
inquietude,2
liveliest,2
impropriety,2
fury,2
whereas,2
tie,2
fasten,2
impression,2
sing,2
cool,2
clouds,2
distaste,2
constitution,2
contracted,2
supplying,2
preventing,2
swallowed,2
confounded,2
suggestions,2
dressing-closets,2
intelligible,2
impartial,2
lamented,2
bound,2
underneath,2
term,2
profit,2
simile,2
dispatched,2
unfriendly,2
accommodation,2
cheerfully,2
disinterested,2
released,2
animation,2
visitors,2
cleared,2
proud,2
crime,2
lighted,2
connections,2
obliging,2
apologies,2
encouraged,2
unquiet,2
affrighted,2
confined,2
mood,2
subdued,2
whence,2
hazards,2
strict,2
castles,2
frighten,2
lengthen,2
included,2
subsided,2
sparkling,2
song,2
induce,2
design,2
brief,2
occasionally,2
adventure,2
proclaimed,2
jove,2
argyle,2
airing,2
alter,2
sighed,2
instructions,2
intolerably,2
pleasanter,2
weight,2
boldness,2
jew,2
seeming,2
uncommonly,2
instruction,2
irritated,2
inconvenience,2
betray,2
meditations,2
art,2
forlorn,2
sold,2
betrayed,2
finds,2
decline,2
demand,2
boast,2
ecstasy,2
obstacle,2
lodged,2
solemnity,2
questions,2
condemnation,2
unlimited,2
collect,2
hinted,2
litter,2
gradually,2
refused,2
completing,2
youthful,2
unnoticed,2
johns,2
elasticity,2
necessitous,2
abbeys,2
plunge,2
gallantry,2
declarations,2
flirtation,2
happier,2
vice,2
reproaches,2
resistance,2
infatuation,2
breach,2
disclaimed,2
smaller,2
capital,2
see-saw,2
youngest,2
forbid,2
indulgence,2
maternal,2
interrupted,2
terriers,2
restrain,2
crowds,2
practice,2
negligent,2
ambition,2
articles,2
york,2
publication,2
unknown,2
objectionable,2
sincerity,2
linked,2
inform,2
centre,2
alarmed,2
neatness,2
chances,2
tidings,2
chanced,2
ascertain,2
humiliation,2
safely,2
worldly,2
unhappiness,2
painted,2
jaded,2
unlike,2
cross,2
inch,2
lobby,2
spectator,2
excessive,2
disturbance,2
console,2
drunk,2
inducement,2
tumble,2
obey,2
extension,2
breeding,2
cliff,2
inadequate,2
perfections,2
volumes,2
woody,1
eligible,1
originality,1
sinking,1
leisurely,1
parsonages,1
disturb,1
uttering,1
scholar,1
succession,1
ornamental,1
elegant,1
consenting,1
semicircular,1
thunder,1
contributed,1
fingers,1
contributes,1
gayer,1
china,1
properest,1
pretensions,1
dimness,1
military,1
divide,1
precincts,1
remnant,1
tardiness,1
music,1
passport,1
expiring,1
holy,1
relax,1
brings,1
tying,1
foregrounds,1
tell-tale,1
sweeter,1
leaped,1
example,1
expressively,1
vanities,1
household,1
ungraceful,1
gusts,1
dignifies,1
shirked,1
feature,1
dignified,1
matter-of-fact,1
music-master,1
wink,1
keeps,1
snugly,1
vary,1
dreamer,1
anticipations,1
grievous,1
vouchers,1
detachment,1
spotless,1
addicted,1
preceded,1
woes,1
nine-hundredth,1
diction,1
smirk,1
waive,1
gradation,1
threatened,1
encountering,1
ate,1
connive,1
tempting,1
potions,1
ardour,1
wash,1
wedding-gown,1
task,1
surer,1
exultation,1
idly,1
acquisition,1
true-quality,1
affairs,1
recommended,1
hum,1
worthlessness,1
imprudent,1
disjointed,1
consummate,1
augured,1
falsehoods,1
lessons,1
capes,1
vexations,1
bliss,1
touched,1
unpropitious,1
pocket,1
relish,1
uncoquettish,1
fitly,1
blew,1
score,1
ire,1
requisites,1
rolled,1
toilette,1
defiance,1
refinement,1
adapted,1
fearlessly,1
twenty-three,1
opportunities,1
wearying,1
humming,1
tallest,1
dote,1
commerce,1
employ,1
remembering,1
severity,1
tranquillized,1
parsonage-house,1
maxims,1
expensively,1
exclaiming,1
portrayed,1
self-assured,1
prison,1
firmer,1
shadow,1
repassing,1
remind,1
decried,1
crown,1
captive,1
creep,1
enemies,1
summoned,1
extenuation,1
overhear,1
insinuations,1
grievously,1
washing-bills,1
respectably,1
wrap,1
despised,1
waits,1
constantly,1
avail,1
width,1
talents,1
wedding-day,1
lays,1
panels,1
adopt,1
intend,1
rolling,1
fastener,1
push,1
irrecoverably,1
whoever,1
reviewers,1
doted,1
vex,1
reverting,1
recurrence,1
brockham,1
irksome,1
persevere,1
fatigues,1
rapturous,1
stays,1
fretting,1
exact,1
cooks,1
occurrence,1
insignificant,1
prediction,1
shirts,1
cleanliness,1
melt,1
funeral,1
yards,1
brilliant,1
coxcomb,1
accomplished,1
ill-fated,1
matilda,1
studies,1
nowhere,1
well-wishers,1
working,1
pelisse,1
predictions,1
papas,1
sisterly,1
vigour,1
loving,1
refrain,1
epitaph,1
deserved,1
perceivable,1
locks,1
stole,1
vainly,1
thanking,1
ruder,1
all-conquering,1
undertook,1
longtown,1
attestation,1
drunken,1
unsolicited,1
tendency,1
thoughtfulness,1
cleanest,1
paraded,1
petition,1
conveying,1
thereby,1
matches,1
courageously,1
records,1
overpowering,1
arriving,1
unsusceptible,1
epithets,1
matched,1
owing,1
beetle,1
suggesting,1
complimented,1
seventy,1
liberally,1
training,1
modest,1
clause,1
postilions,1
2,1
draft,1
realization,1
lingering,1
tombstones,1
poultice,1
overtaken,1
exacted,1
siding,1
prospect,1
nicer,1
afternoons,1
alley,1
tastes,1
flatness,1
butters,1
blinding,1
wedding-clothes,1
discerning,1
lawn,1
murmurs,1
self-condemnation,1
inconsistent,1
scarce,1
equipped,1
resenting,1
infallibly,1
breakfast-table,1
clearest,1
coquelicot,1
raged,1
impressions,1
rewarded,1
mutton,1
pitiless,1
spars,1
ascribed,1
duodecimo,1
deduction,1
allowance,1
yearly,1
well-prepared,1
article,1
side-table,1
caring,1
companionship,1
vacation,1
distinguishing,1
squeezed,1
brow,1
staffordshire,1
verified,1
perpetually,1
strange-looking,1
undefined,1
veal,1
summer,1
disconcert,1
judiciously,1
disperse,1
trimmings,1
sixteen,1
instrument,1
overthrow,1
skies,1
sums,1
inferiors,1
stranger,1
shutter,1
clay,1
forehand,1
divine,1
dimensions,1
memories,1
noon,1
restoring,1
destroys,1
biased,1
dresden,1
reposing,1
package,1
mouthfuls,1
meal,1
unseasonable,1
unpractised,1
burning,1
gleam,1
hey,1
lounging,1
breeches-ball,1
secreted,1
pull,1
rage,1
reasoned,1
darker,1
invigorating,1
exhausted,1
ill-provided,1
incomprehensibly,1
sanguine,1
annes,1
intimation,1
groom,1
indiscriminating,1
original,1
curate,1
beware,1
fairness,1
reasoning,1
unfurnished,1
puzzled,1
conjectured,1
puzzles,1
candid,1
irksomeness,1
sang,1
novel-reader,1
richard,1
transpire,1
fullness,1
concluding,1
hasp,1
lookers-on,1
social,1
action,1
marriages,1
apprised,1
peals,1
wavering,1
fragrance,1
6,1
spoilt,1
objections,1
bedford,1
gravel,1
vicissitudes,1
prompt,1
memoirs,1
neglected,1
accept,1
glowing,1
relinquished,1
reveries,1
plans,1
disgraced,1
mended,1
pleaded,1
malevolent,1
twisting,1
fender,1
adorned,1
incessantly,1
attitude,1
pang,1
pane,1
termed,1
importune,1
dining-room,1
likeness,1
eloquence,1
lantern,1
disclaiming,1
reduce,1
investigated,1
operation,1
proxy,1
murmur,1
reared,1
reversing,1
gazed,1
gazes,1
solitariness,1
threatening,1
calculations,1
peaceably,1
relationship,1
consult,1
reverential,1
beforehand,1
waft,1
self,1
reliance,1
yawn,1
cover,1
attacking,1
pattened,1
despise,1
accommodations,1
indecorum,1
surpassed,1
occupation,1
writer,1
sorrowing,1
quizzes,1
ceasing,1
enemy,1
knolls,1
sleeve,1
river,1
sea,1
knees,1
worth-while,1
disallow,1
barely,1
coincidence,1
acceptance,1
satire,1
convicted,1
contentedly,1
extravagant,1
sobriety,1
silenced,1
endears,1
moderation,1
wheeled,1
firs,1
uncertain,1
joyfulness,1
binding,1
vow,1
rumford,1
maids,1
elevated,1
shorter,1
resulting,1
forgiveness,1
displeased,1
comprehensive,1
viewing,1
quickness,1
clermont,1
politely,1
twenty-six,1
plagued,1
admission,1
reverted,1
wives,1
quest,1
projects,1
promising,1
communications,1
disorder,1
sighs,1
curious,1
transactions,1
novelty,1
agreement,1
relating,1
bed-chambers,1
flirtations,1
unintentional,1
benefactors,1
repair,1
custom,1
pestilences,1
inconsistency,1
fragmented,1
elsewhere,1
inches,1
peeped,1
mature,1
consumed,1
chap,1
surveying,1
rekindling,1
livings,1
land,1
lank,1
summit,1
essay,1
laziness,1
shrugged,1
rejoined,1
pens,1
stocked,1
languished,1
animals,1
country-dance,1
portionless,1
consistently,1
indian,1
flowing,1
slabs,1
caper,1
overset,1
deduced,1
survey,1
scatter-brained,1
dormouse,1
counsels,1
desiring,1
doubling,1
pencil,1
infamy,1
journaling,1
foolishly,1
carrying,1
unrivalled,1
perfecting,1
engagingly,1
clogs,1
rhubarb,1
weaken,1
singular,1
re-entering,1
acquitted,1
acuteness,1
counted,1
iron-work,1
meantime,1
heart-rending,1
misapprehension,1
forest,1
horridest,1
comedy,1
traced,1
whither,1
sufficiently,1
horsemens,1
slightingly,1
thirteen,1
tenth,1
aspiring,1
troop,1
inferiority,1
tempt,1
craving,1
sleeplessness,1
serenity,1
assumed,1
davis,1
scare,1
straining,1
lying-in,1
affliction,1
owner,1
courted,1
scullery,1
grated,1
vigorous,1
unoccupied,1
retraction,1
unlooked,1
egregious,1
quietness,1
bother,1
steep,1
collecting,1
trusting,1
partnership,1
quietest,1
viewed,1
writ,1
courtesy,1
cipher,1
hobby-horse,1
fervent,1
meekly,1
country-dancing,1
bred,1
innocent,1
painting,1
rings,1
vacancy,1
bedroom,1
insight,1
handle,1
undivided,1
listlessness,1
wring,1
contemptible,1
summon,1
disapprobation,1
deathlike,1
derogatory,1
industrious,1
staring,1
doorway,1
figures,1
adjusted,1
conclude,1
imperfection,1
midland,1
steadiness,1
recurring,1
neighbour,1
nobleness,1
hateful,1
banish,1
wearied,1
disdain,1
tenor,1
best-chosen,1
cope,1
inlaid,1
balm,1
wisest,1
proficiency,1
unceasingly,1
newest,1
softening,1
rambles,1
roomy,1
combine,1
spinnet,1
exempt,1
5,1
famously,1
cedar,1
incessant,1
chairs,1
susceptibilities,1
undertaking,1
inconstant,1
daylight,1
recognition,1
shone,1
forgiven,1
pump-yard,1
selecting,1
pressure,1
coldly,1
counties,1
uninteresting,1
alliance,1
rectify,1
unfavourably,1
terminated,1
prepossessing,1
justifying,1
self-occupied,1
specimens,1
daughter-in-law,1
storehouse,1
delivery,1
construction,1
tossed,1
marquis,1
convince,1
profusion,1
bearing,1
rightly,1
contribute,1
withstand,1
hearers,1
effected,1
excellencies,1
slumbers,1
behold,1
dismiss,1
louisas,1
unspeakably,1
tinkling,1
searched,1
gardens,1
edward,1
raillery,1
tickets,1
compassionately,1
speck,1
surmounting,1
letter-writing,1
celebration,1
foolishness,1
smoke,1
uncivil,1
administering,1
tolerated,1
blooming,1
elbow,1
quivering,1
recovery,1
disappoint,1
ejaculations,1
parry,1
complacent,1
chilled,1
belle,1
office,1
patronized,1
awfulness,1
production,1
dimity,1
fragment,1
bank,1
rocky,1
alternately,1
rocks,1
bells,1
observance,1
crimes,1
fellows,1
remorse,1
sliding,1
unconvinced,1
recovering,1
guesswork,1
render,1
pardonable,1
airs,1
compromise,1
emblem,1
rejected,1
wasted,1
mercy,1
subterraneous,1
iron,1
hair-powder,1
respecting,1
portraits,1
enchanted,1
elation,1
conducive,1
distracts,1
assenting,1
proverb,1
calculated,1
witnessed,1
elucidated,1
haunted,1
non-appearance,1
valancourt,1
runs,1
exchanged,1
unintricate,1
insurgents,1
steal,1
newspaper,1
inns,1
miserably,1
uninhabited,1
canary-bird,1
accord,1
groans,1
best-tempered,1
bestows,1
seizure,1
new-built,1
inconsolable,1
harboured,1
brightening,1
physician,1
east,1
twelvemonth,1
voluminous,1
boded,1
launched,1
discourses,1
dictate,1
sting,1
slighting,1
bilious,1
convictions,1
fuss,1
blamed,1
venturing,1
centred,1
sarsenet,1
halloo,1
hills,1
evidences,1
unfounded,1
retreat,1
disadvantage,1
uncensured,1
preponderated,1
antique,1
alice,1
productions,1
blockheads,1
critique,1
procure,1
impenetrable,1
banker,1
horizon,1
wolfenbach,1
tittuppy,1
rendering,1
formidable,1
deception,1
compression,1
undiscovered,1
unusually,1
guesses,1
scandalous,1
tenour,1
evidence,1
dimly,1
stake,1
holding,1
test,1
frolic,1
heyday,1
scores,1
interval,1
paced,1
gigs,1
hume,1
blast,1
feeble,1
presented,1
altering,1
revolution,1
bravo,1
niggardly,1
helpless,1
curse,1
shared,1
supporting,1
merriment,1
impatiently,1
petitioned,1
regardless,1
stings,1
illumination,1
market,1
prove,1
towers,1
repentance,1
wafted,1
indescribable,1
cap,1
broken-winded,1
detaching,1
purity,1
productive,1
incomprehensibility,1
fortunately,1
allowable,1
economy,1
heroes,1
explicit,1
crept,1
offend,1
displayed,1
playful,1
brain,1
spurning,1
genteel,1
birds,1
vicinity,1
spacious,1
pre-engagement,1
nod,1
discuss,1
wont,1
drop,1
dishabille,1
directing,1
naming,1
avoided,1
accomplish,1
netting-cotton,1
inevitably,1
good-hearted,1
milestones,1
transition,1
fonder,1
vehemently,1
promotion,1
entrusted,1
unthinkingly,1
mayst,1
omitted,1
impetuous,1
uninformed,1
brains,1
wronging,1
affronted,1
fruits,1
troublesome,1
artful,1
well-read,1
offering,1
swelled,1
supplications,1
neatly,1
plainer,1
successive,1
envying,1
unconquerable,1
slaves,1
dispersed,1
erred,1
window-shutters,1
rambling,1
title,1
texture,1
assented,1
thompson,1
honours,1
pinery,1
druggist,1
whisked,1
sport,1
reputed,1
3,1
import,1
briskly,1
hurts,1
moans,1
reasonableness,1
monk,1
enabling,1
wheels,1
belinda,1
dispatch,1
fruitful,1
foggy,1
developing,1
scud,1
raptures,1
hens,1
innocently,1
fruit,1
speechless,1
fortnights,1
constitutional,1
breeze,1
immeasurable,1
walcot,1
transmitting,1
tea-room,1
dancers,1
often-expressed,1
civilized,1
felicities,1
wretchedly,1
disproportionate,1
specimen,1
t,1
ceremonial,1
servile,1
capability,1
passions,1
perverse,1
unlocked,1
squire,1
dejection,1
sixth,1
equivalent,1
strained,1
incline,1
papered,1
fondness,1
comparison,1
central,1
intolerable,1
testimony,1
verily,1
nowadays,1
delayed,1
rose-bush,1
curiously,1
subdue,1
unsearched,1
moves,1
gaining,1
suites,1
pool,1
moonlight,1
embracing,1
banishment,1
breadth,1
religious,1
pledged,1
solicit,1
anybodys,1
confidential,1
verb,1
minded,1
securely,1
guileless,1
gaieties,1
abatement,1
smith,1
enhancement,1
well-meaning,1
adieus,1
eventful,1
popes,1
amount,1
sufferer,1
aimed,1
unpleasantness,1
attendant,1
contains,1
chestnut,1
lowering,1
quickening,1
abridger,1
sportive,1
fronted,1
weakening,1
species,1
tumbled,1
communicating,1
triumphs,1
gasp,1
contriver,1
fatigued,1
comfortless,1
carpeted,1
labours,1
reluctance,1
differed,1
finer,1
groping,1
food,1
ye,1
harshest,1
erection,1
intervene,1
bless,1
dears,1
7,1
harbours,1
pun,1
brightest,1
beggars,1
devolve,1
wild-fowl,1
knocking,1
visions,1
meadow,1
perturbation,1
purvey,1
pinned,1
station,1
minutest,1
grey,1
alluding,1
charlotte,1
withered,1
heaviest,1
affirmative,1
substantial,1
retracted,1
empowered,1
inexplicability,1
quota,1
simpering,1
unreasonable,1
unreasonably,1
intercepting,1
languid,1
northern,1
circle,1
hallooing,1
feels,1
pretending,1
imitating,1
gloves,1
switzerland,1
cramp,1
descriptions,1
pictures,1
familiarity,1
woe,1
conditions,1
intending,1
rudiments,1
vault,1
experimental,1
puce-coloured,1
likes,1
habitude,1
stamp,1
partly,1
anthony,1
bidding,1
writing-desk,1
fortifying,1
endanger,1
animated,1
mitchell,1
guide,1
sombre,1
smacked,1
funded,1
overlooked,1
fairer,1
clearness,1
mizzling,1
blair,1
decency,1
keynsham,1
mislaid,1
appalled,1
shivering,1
settlements,1
quarters,1
restlessly,1
questioner,1
decayed,1
questioned,1
pantries,1
unravelled,1
march,1
sharers,1
sketch,1
parade,1
well-connected,1
creation,1
delivered,1
kind-hearted,1
become,1
sarahs,1
coachmaker,1
disclosure,1
uncritical,1
supper-room,1
conscientious,1
caressed,1
innate,1
imaginations,1
parrys,1
cherished,1
mysteriousness,1
duly,1
ceremonies,1
ill-inclined,1
foresight,1
protegee,1
sullen,1
forgo,1
house-bell,1
venerable,1
neighbouring,1
requires,1
self-created,1
excluded,1
virtuous,1
prudence,1
yourselves,1
cloister,1
sedentary,1
inspection,1
leicestershire,1
comforts,1
imbecility,1
mischiefs,1
auspices,1
cell,1
melancholy,1
fifteenth,1
quell,1
benevolence,1
unforgivingness,1
nameless,1
win,1
manage,1
assertion,1
agreeably,1
simpler,1
formally,1
appointed,1
gentleman-coachman,1
pointedly,1
arches,1
control,1
unprivileged,1
pulling,1
undeceive,1
defective,1
poetry,1
instinctively,1
cobwebs,1
entree,1
debasement,1
landing-places,1
quotations,1
including,1
brook,1
masters,1
muff,1
conceiving,1
ankles,1
attachments,1
exceeded,1
secretly,1
entertainment,1
strokes,1
umbrella,1
intruder,1
resumed,1
befriended,1
route,1
childless,1
counterpart,1
chaise-seat,1
eminence,1
quality,1
hiding,1
management,1
privacy,1
adopted,1
attack,1
final,1
paved,1
temperate,1
providing,1
villains,1
thwarted,1
lightly,1
better-sized,1
disquisition,1
complacency,1
pursued,1
pianoforte,1
issuing,1
expires,1
counterbalance,1
expired,1
shyness,1
consequences,1
wilful,1
scampered,1
south-east,1
rigours,1
earned,1
winner,1
hopeful,1
brighten,1
tea-house,1
abundance,1
gray,1
stone-work,1
overflowing,1
solicitous,1
unfrequently,1
widow,1
prayers,1
chaperone,1
orphan,1
becomingly,1
tend,1
surmises,1
supernatural,1
correctly,1
horrible,1
post-masters,1
sole,1
jig,1
strains,1
estimation,1
habitual,1
accomplishing,1
tread,1
immense,1
treat,1
shoulders,1
policy,1
expenditure,1
intimidate,1
harder,1
modestly,1
shooting,1
parts,1
incumbent,1
huntsman,1
nightly,1
colouring,1
stirrups,1
pastry-cooks,1
sources,1
undeceived,1
meetly,1
warrant,1
kick,1
ample,1
belonged,1
motive,1
repeat,1
warmer,1
never-ceasing,1
cradle,1
fretted,1
pleasing-looking,1
misrepresentation,1
freedom,1
recognized,1
puppies,1
tongue,1
vulgarity,1
cocoa,1
endeavours,1
utility,1
north,1
knowing-looking,1
nobodys,1
heiress,1
marketplace,1
universal,1
penny,1
coquette,1
resented,1
education,1
trebling,1
ecstatic,1
gradations,1
determination,1
funereal,1
secondly,1
similarity,1
scheming,1
calculate,1
nominal,1
misunderstanding,1
vast,1
chaises,1
lavender,1
preferences,1
integrity,1
orchestra,1
lights,1
deemed,1
barometer,1
frequenters,1
second-hand,1
permit,1
claverton,1
plea,1
county,1
chaperones,1
landscape,1
watering,1
arms,1
robertson,1
gilding,1
wars,1
ward,1
inhabited,1
newfoundland,1
unmarked,1
assent,1
surveyor,1
side-screens,1
braids,1
decrying,1
remonstrated,1
summary,1
indignity,1
purchase,1
maintain,1
inhabitant,1
befall,1
unprovided,1
discredit,1
pleasure-ground,1
indulge,1
grammar,1
doubtingly,1
droll,1
sullying,1
calmly,1
contend,1
decree,1
revolving,1
revenge,1
ascending,1
struggle,1
ankle-deep,1
needlework,1
steward,1
enraged,1
hoop,1
reassure,1
walkers,1
warped,1
brock,1
solemnly,1
alfred,1
gentlemanlike,1
waistcoats,1
affront,1
preparation,1
silly,1
deserving,1
loiter,1
threadbare,1
hot-houses,1
magnified,1
unfasten,1
communicative,1
sleeper,1
established,1
regular,1
unknowingly,1
assisting,1
principle,1
scotch,1
nice-looking,1
hunger,1
rapture,1
ending,1
divinity,1
ill-sized,1
folded,1
hoard,1
meditate,1
fields,1
softly,1
architecture,1
rival,1
alterations,1
interruptions,1
mournfully,1
warrior,1
lazy,1
wears,1
retirement,1
cousin,1
traveling-chaise,1
uncertainty,1
eulogized,1
springs,1
sam,1
erect,1
inattention,1
ugly,1
melted,1
settles,1
cant,1
grows,1
kin,1
failing,1
inherit,1
swearing,1
reformation,1
infinitely,1
pecuniary,1
regarded,1
outriders,1
involuntary,1
incorrectness,1
inflicting,1
stylishness,1
dreamt,1
shoulder,1
ramparts,1
visible,1
performing,1
unexplored,1
carts,1
shakespeare,1
burn,1
bolt,1
presentiment,1
conceal,1
eating-room,1
intellectual,1
vehemence,1
failure,1
penned,1
prettily,1
atrocities,1
emboldened,1
herefordshire,1
stages,1
exerting,1
tarnished,1
fraternal,1
leafless,1
excel,1
half-witted,1
warehouse,1
ribbons,1
dies,1
magnificence,1
unlocking,1
jones,1
parcels,1
peerage,1
invent,1
disorders,1
disgusting,1
finally,1
reseeing,1
rhodomontade,1
shoot,1
string,1
congratulating,1
uneventful,1
dim,1
die,1
proposals,1
travels,1
gentlewoman,1
attracting,1
talker,1
involuntarily,1
hummed,1
decipher,1
suggestion,1
quarrel,1
histories,1
contradictions,1
sympathetic,1
liberal-minded,1
lessened,1
sharing,1
repast,1
robe,1
avoiding,1
succession-houses,1
soup,1
pine,1
pure,1
swore,1
grow,1
johnson,1
provide,1
thorns,1
shoes,1
northampton,1
seizing,1
consequential,1
ours,1
recommenced,1
heedless,1
biographer,1
killed,1
possess,1
attorneys,1
feverish,1
charging,1
ruffle,1
treacherous,1
richly,1
unlock,1
jackson,1
interference,1
spies,1
waiting-maids,1
sufferance,1
curricle-drivers,1
thoughtless,1
lap,1
escort,1
adjourned,1
stipulation,1
11,1
10,1
13,1
12,1
15,1
14,1
17,1
16,1
19,1
18,1
booted,1
topics,1
voices,1
pastry,1
toilettes,1
shocked,1
arguing,1
blackest,1
entreaty,1
pair,1
conspicuous,1
surprising,1
stockings,1
trotted,1
shot,1
supposition,1
stormy,1
high-arched,1
raising,1
tricked,1
hailed,1
diversities,1
threading,1
finishing,1
silently,1
honesty,1
relative,1
ornament,1
diamonds,1
cautiously,1
tacit,1
according,1
comprehend,1
abruptness,1
caricature,1
employments,1
tea-table,1
eventually,1
endowed,1
coffee,1
sleeping,1
wisely,1
acquaintances,1
arguments,1
struggling,1
cotton,1
amenable,1
shoe-string,1
scorned,1
largely,1
evils,1
frontispiece,1
malicious,1
sights,1
farm-house,1
trespassed,1
shapeless,1
aiming,1
facing,1
served,1
robbers,1
ascend,1
sneaked,1
disliking,1
footing,1
critical,1
mare,1
mechlin,1
pockets,1
mixed,1
memorials,1
harness,1
pleasantry,1
fated,1
brute,1
restrained,1
decisive,1
laboriously,1
agricola,1
unsettled,1
strikes,1
romantic,1
poison,1
netting,1
palate,1
cotillions,1
grasped,1
pensive,1
field,1
fruitless,1
tamboured,1
remote,1
fraught,1
vile,1
suns,1
founded,1
plausibility,1
haggling,1
applicable,1
reminding,1
designedly,1
solicitations,1
titles,1
lawyer,1
ribbon,1
defence,1
habituated,1
movement,1
mull,1
hot-house,1
favourably,1
inconsiderable,1
affectionately,1
publishes,1
whimsical,1
cowardly,1
empties,1
extinction,1
establish,1
uniformity,1
distinct,1
comparing,1
purse,1
tunbridge,1
recall,1
marble,1
galleries,1
attain,1
purchased,1
robinson,1
deplored,1
awkward,1
acts,1
stir,1
bloom,1
reappeared,1
fondest,1
heartfelt,1
matildas,1
heirs,1
24,1
25,1
26,1
27,1
thrilling,1
21,1
22,1
23,1
28,1
detected,1
thinning,1
dolls,1
disrespectful,1
celerity,1
fluttered,1
right-hand,1
repeating,1
exquisite,1
mental,1
hare,1
suspecting,1
29,1
undervaluing,1
projected,1
dejectedly,1
henceforward,1
disobedience,1
backed,1
indebted,1
disregarded,1
unacquainted,1
entreated,1
road-books,1
compartment,1
unpardonably,1
uncandid,1
sedate,1
trifler,1
showery,1
couch,1
build,1
insufferable,1
disconcerted,1
pondering,1
charm,1
engagements,1
panegyric,1
weigh,1
obligations,1
swelling,1
corresponded,1
relation,1
giant,1
ruin,1
tempests,1
fiend,1
8,1
silk,1
resolve,1
lavender-water,1
opposing,1
novel-writers,1
changeable,1
materially,1
desires,1
expert,1
superseded,1
halves,1
defunct,1
reverse,1
archway,1
quarrelsome,1
complacently,1
simply,1
unsuccessful,1
asserted,1
suppressing,1
perspectives,1
pocketbook,1
dropping,1
ensured,1
4,1
misgive,1
chatter,1
strictest,1
bill,1
fun,1
indulging,1
vaults,1
century,1
confining,1
stoves,1
perverseness,1
lenient,1
development,1
unalloyed,1
keys,1
assignment,1
finesse,1
supersede,1
prevention,1
thorough,1
irritable,1
letting,1
tremulous,1
animosities,1
mischievousness,1
smallness,1
follows,1
breakfast-time,1
examples,1
inapplicable,1
chandlers,1
decision,1
pew,1
resolutely,1
lounges,1
tripping,1
conciliatory,1
shrewdness,1
tenants,1
misplaced,1
harassed,1
lesson,1
head-dress,1
dinner-table,1
pronounce,1
inn-yard,1
delighting,1
rejection,1
unreserve,1
metal,1
singly,1
consulted,1
necks,1
prevail,1
fluency,1
confine,1
explaining,1
impress,1
utterly,1
downcast,1
speculations,1
presenting,1
restraining,1
blaze,1
fatal,1
implicitly,1
putting,1
severely,1
sweep-gate,1
respectful,1
profligacy,1
reconciliation,1
inconveniences,1
mortifications,1
justification,1
nimbly,1
packing,1
archness,1
safer,1
irritating,1
talent,1
31,1
30,1
contradiction,1
courting,1
named,1
conjecturing,1
extravagance,1
readable,1
butler,1
prized,1
assailed,1
unbelieving,1
rapt,1
pathos,1
atone,1
native,1
dinners,1
holds,1
meditated,1
profile,1
waters,1
philosophy,1
fray,1
ambiguous,1
avocations,1
trembling,1
furious,1
embers,1
alacrity,1
dagger,1
nasty,1
acres,1
heroism,1
criminal,1
machinations,1
spell,1
self-satisfaction,1
cutting,1
february,1
warned,1
resistless,1
farriers,1
postpone,1
red,1
approaches,1
likelihood,1
backwards,1
deprived,1
facilitate,1
seventy-six,1
observer,1
montoni,1
agonies,1
nun,1
loves,1
labouring,1
cattle,1
tidy,1
comfortably,1
pitiable,1
throat,1
apparently,1
costliness,1
provoked,1
disappointments,1
contemptuous,1
recess,1
definable,1
hazarding,1
finger,1
perfection,1
richards,1
plumpness,1
farthest,1
attempting,1
purses,1
stoutly,1
emitted,1
antechamber,1
exclaim,1
asunder,1
joke,1
foibles,1
sexes,1
teasing,1
sober-looking,1
reasonings,1
foes,1
climate,1
assert,1
lassitude,1
carved,1
delusion,1
closets,1
haunches,1
portray,1
watchful,1
brightened,1
twelfth,1
frivolous,1
casements,1
retiring,1
sets,1
arising,1
latest,1
tea-things,1
bragging,1
recommending,1
raved,1
destroy,1
punctual,1
dryer,1
vainer,1
puppy,1
admitted,1
italian,1
accessible,1
decease,1
convey,1
recommendation,1
novelist,1
shrub,1
assuming,1
regain,1
oiled,1
expire,1
well-informed,1
noisy,1
socket,1
certainty,1
guard,1
esteem,1
legends,1
avowed,1
glimmer,1
amity,1
glory,1
dangerous,1
stable-yard,1
penetrating,1
splashing-board,1
pin,1
periods,1
disinterestedness,1
mysteriously,1
redder,1
corporation,1
poring,1
stimulant,1
insupportable,1
insupportably,1
christians,1
starting,1
augmented,1
legacied,1
undisputed,1
feeding,1
remiss,1
merchant,1
haughtiness,1
despondency,1
encounter,1
consistent,1
welfare,1
feathers,1
nail,1
shining,1
rationally,1
mischievous,1
oaths,1
courteney,1
stared,1
resounded,1
leaves,1
verdure,1
straw,1
sorrows,1
detesting,1
incommoded,1
fainting,1
barbarous,1
dragoons,1
teachableness,1
shook,1
preserving,1
overheard,1
overpowered,1
writers,1
ancestor,1
swiftness,1
mouths,1
unguarded,1
splendid,1
amid,1
netting-box,1
destroyer,1
destroyed,1
glanced,1
sheltered,1
echo,1
mahogany,1
worded,1
ready-monied,1
clothe,1
laid,1
bonnets,1
newly,1
twenty-five,1
splashed,1
repining,1
alarmingly,1
fret,1
hopeless,1
rang,1
encouraging,1
rank,1
relations,1
awoke,1
discomposed,1
confirming,1
tom,1
unbroken,1
dressing-rooms,1
tuscany,1
classed,1
countess,1
bridge,1
overstrained,1
rap,1
affectation,1
ray,1
relapse,1
explanations,1
cotillion,1
reversed,1
inured,1
plenty,1
commanding,1
philosophic,1
glow,1
flow,1
reputation,1
entertaining,1
silencing,1
pardoned,1
endear,1
random,1
queer,1
delays,1
refreshment,1
studiously,1
lodge,1
announce,1
relator,1
cecilia,1
unassisted,1
shutting,1
report,1
knocks,1
beads,1
ruins,1
swept,1
gentility,1
capacity,1
startle,1
discovers,1
vices,1
improve,1
faced,1
players,1
tediousness,1
faces,1
expense,1
dissipating,1
faltering,1
belongs,1
captives,1
lessen,1
occasioned,1
julias,1
viscountess,1
expenses,1
punctuality,1
wound,1
forehead,1
drawback,1
inventory,1
greeted,1
fitting-up,1
workings,1
insisted,1
post-boy,1
incredulously,1
impediment,1
alarms,1
assembling,1
departed,1
mending,1
resigning,1
enlighten,1
hermitage,1
hunt,1
overrated,1
successfully,1
chests,1
usher,1
rhine,1
ice,1
loins,1
unseasonableness,1
disappeared,1
lamps,1
attacks,1
ensure,1
anxiousness,1
accommodate,1
dissenting,1
existed,1
rely,1
indispensable,1
sustained,1
forborne,1
luxuriant,1
supposititious,1
lashed,1
unpin,1
bargain,1
loitering,1
ruined,1
prematurely,1
trio,1
check,1
constructed,1
tip,1
eternity,1
permitting,1
tasteful,1
gallants,1
nods,1
dullest,1
flushed,1
apologizing,1
cloisters,1
innkeepers,1
withhold,1
unprincipled,1
rob,1
remarkably,1
abhorrent,1
promoting,1
pleases,1
schoolfellow,1
level,1
cloudy,1
accumulation,1
injunction,1
comforting,1
drinks,1
spire,1
goer,1
amounting,1
curtsies,1
entertain,1
baseball,1
groups,1
half-settled,1
curtsied,1
thirty,1
expressly,1
pearls,1
christchurch,1
hospitality,1
purchases,1
affronts,1
handles,1
roared,1
teased,1
aright,1
drown,1
insights,1
laughter,1
slightest,1
nursing,1
stroke,1
dropped,1
provoke,1
inheritance,1
innumerable,1
washing-bill,1
1,1
tippet,1
unawares,1
informs,1
representations,1
unutterable,1
amuse,1
representation,1
furnishes,1
dreading,1
offers,1
lonely,1
conversations,1
unattended,1
debating,1
shy,1
trunks,1
farewell,1
exclamation,1
treading,1
attracted,1
edifices,1
bolts,1
sennight,1
impose,1
retreating,1
envied,1
tempers,1
reverie,1
greatcoated,1
inexpressibly,1
milton,1
wide,1
require,1
devizes,1
courteously,1
rent,1
mislead,1
narrow-minded,1
dining,1
emphasis,1
commonplace,1
sterne,1
saunter,1
hungry,1
slope,1
perpetrated,1
trod,1
quizzers,1
hack,1
trot,1
aubin,1
fickle,1
fashionable-looking,1
lighter,1
dye,1
caractacus,1
regarding,1
discussing,1
beholding,1
imposing,1
college,1
collects,1
subsequent,1
circulating,1
outside,1
hundredth,1
originated,1
inseparable,1
disrespectfully,1
20,1
dutiful,1
grieved,1
possessions,1
stupidest,1
contract,1
period,1
expatiated,1
assertions,1
sword-case,1
withstanding,1
remissness,1
robbed,1
blessing,1
padlock,1
attentive,1
mount,1
cash,1
cast,1
converts,1
unreserved,1
granted,1
reminded,1
attributing,1
bows,1
frequented,1
mockery,1
lute,1
changing,1
vowed,1
counterpane,1
weakened,1
sinned,1
inability,1
satin,1
womans,1
complain,1
falsely,1
sampler,1
tower,1
reduced,1
oftener,1
ashes,1
stops,1
moon,1
loudest,1
terrified,1
mess-room,1
informing,1
doze,1
schoolfellows,1
undervalue,1
lastly,1
alleged,1
valley,1
forbade,1
mortals,1
multiplicity,1
tiptoe,1
dressing-gown,1
creeping,1
magdalen,1
abyss,1
rubbed,1
idiot,1
roses,1
noblemen,1
trash,1
oneself,1
finale,1
contradicted,1
flower,1
bounded,1
unanswerable,1
oriel,1
assassins,1
odds,1
town-built,1
lace,1
jackonet,1
wanton,1
worst,1
fag,1
sentimental,1
list,1
singularly,1
dexterity,1
professing,1
reins,1
stable-yards,1
extremities,1
sue,1
advantageous,1
faltered,1
racing,1
guns,1
multitude,1
christian,1
relaxation,1
venerating,1
allows,1
members,1
impolitic,1
fearfully,1
spaciousness,1
permanently,1
waxen,1
flat,1
undistinguishing,1
stick,1
presumed,1
commanded,1
irritations,1
ineffectual,1
bank-bill,1
embarrassing,1
challenging,1
duets,1
avowal,1
liveried,1
breaking,1
handsomer,1
acknowledging,1
reflect,1
groundless,1
romancers,1
quarrels,1
exemplification,1
millinery,1
reappearance,1
persecutions,1
hunter,1
imitators,1
milestone,1
inequality,1
needless,1
undertake,1
inflated,1
croaking,1
clandestine,1
teach,1
thread,1
sympathy,1
defects,1
temples,1
corporal,1
passes,1
brisker,1
hangs,1
store,1
attendants,1
imperfect,1
statement,1
vindication,1
king,1
risks,1
detestation,1
coppice,1
populous,1
instigator,1
warnings,1
miserly,1
measured,1
stands,1
traditional,1
hindrance,1
journeys,1
street-door,1
obtain,1
avarice,1
hid,1
instinctive,1
discreeter,1
commiserated,1
activity,1
wrote,1
bars,1
chambers,1
declined,1
degrading,1
law,1
latin,1
creating,1
prelude,1
relying,1
c,1
witch,1
bond,1
duplicity,1
sweep,1
harbour,1
woke,1
flight,1
buck,1
latterly,1
imprudence,1
precision,1
plants,1
conception,1
bachelors,1
bespoke,1
theres,1
lodges,1
canvassed,1
leant,1
chestnuts,1
fading,1
widely,1
9,1
chickens,1
edge,1
dares,1
stating,1
scrupulous,1
trap-doors,1
tables,1
corroborated,1
exclusively,1
exhibition,1
associations,1
fulness,1
clemency,1
awaken,1
shaped,1
separately,1
distrust,1
divining,1
marias,1
pretension,1
descried,1
intense,1
asserting,1
mingled,1
complimentary,1
better-bred,1
artifice,1
curtsy,1
impressed,1
rows,1
acquiesce,1
prettier,1
counterpoise,1
mountains,1
shutters,1
consist,1
characteristic,1
landscapes,1
dismay,1
forestalled,1
rainy,1
conductor,1
rains,1
endurance,1
club,1
unjustifiable,1
post-chaise,1
viscount,1
reproached,1
tete-a-tete,1
intentional,1
winds,1
disposal,1
waiters,1
abode,1
breathing,1
bounding,1
defended,1
incoherent,1
uncheerful,1
moulding,1
noted,1
abominably,1
sensation,1
patched-on,1
paleness,1
ladyship,1
appeased,1
flavoured,1
shades,1
distresses,1
examinations,1
fox-hounds,1
apple,1
improbable,1
apply,1
fed,1
bitterly,1
commiserating,1
porch,1
inclined,1
heir,1
cooperate,1
faultless,1
untasted,1
performed,1
confidante,1
patron,1
calculation,1
hyacinths,1
decaying,1
taylors,1
abuse,1
unnaturally,1
curricle-hung,1
dispositions,1
supplication,1
villas,1
sanctioned,1
turban,1
inconsistencies,1
linings,1
freeman,1
violating,1
invitations,1
eased,1
skulker,1
tray,1
acknowledgment,1
sufficed,1
attentively,1
proviso,1
anyhow,1
overtake,1
phrases,1
hence,1
overdrawn,1
filial,1
umbrellas,1
laughingly,1
uniting,1
misinformed,1
unceasing,1
consoling,1
shelf,1
doomed,1
shallow,1
regards,1
unaccountably,1
florid,1
admittance,1
supplanted,1
class,1
deny,1
devoirs,1
ensued,1
stove,1
artfully,1
chapters,1
minutely,1
inhabit,1
flirting,1
self-evident,1
penetrate,1
proprietor,1
distantly,1
unfairly,1
gutters,1
closet,1
monstrous,1
shabbiness,1
spoil,1
swift,1
memento,1
april,1
stirring,1
torments,1
wall,1
narrower,1
withdrawn,1
overture,1
remonstrances,1
overturn,1
jades,1
persevered,1
offending,1
unite,1
propensity,1
gets,1
privileged,1
octagon,1
beast,1
cheerful-looking,1
inactive,1
heavily,1
necromancer,1
fancying,1
fishing,1
hastening,1
attractive,1
hollow,1
georges,1
instants,1
shabby,1
growth,1
openness,1
murderer,1
murdered,1
throng,1
rare,1
linger,1
universe,1
sweat,1
outstripped,1
outset,1
brickbat,1
lawful,1
prompted,1
preferment,1
wickedest,1
nourish,1
protesting,1
faggot,1
rickety,1
monastic,1
humbling,1
reflecting,1
disobliging,1
mildness,1
sleeves,1
sash,1
